apps/bnovate/bnovate/bnovate/doctype/connectivity_package/connectivity_package.js,Auto-configure,Automatisch konfigurieren
apps/bnovate/bnovate/bnovate/doctype/connectivity_package/connectivity_package.js,Get Instrument SN,Instrument SN erhalten
apps/bnovate/bnovate/bnovate/doctype/connectivity_package/connectivity_package.js,Get RMS Info,RMS-Informationen abrufen
apps/bnovate/bnovate/bnovate/doctype/connectivity_package/connectivity_package_list.js,View Map,Karte ansehen
apps/bnovate/bnovate/bnovate/doctype/storage_location/storage_location_list.js,Find Item,Artikel finden
apps/bnovate/bnovate/bnovate/doctype/subscription_contract/subscription_contract.js,End Date was changed to the next end of billing cycle,Enddatum wurde auf das nächste Ende des Abrechnungszyklus geändert
apps/bnovate/bnovate/bnovate/doctype/subscription_contract/subscription_contract.js,"For 'Product Bundle' items, Warehouse, Serial No and Batch No will be considered from the 'Packing List' table. If Warehouse and Batch No are same for all packing items for any 'Product Bundle' item, those values can be entered in the main Item table, values will be cied to 'Packing List' table.","Für ""Produktbündel""-Artikel werden Lager, Seriennummer und Chargennummer aus der Tabelle ""Packliste"" berücksichtigt. Wenn Lager und Chargennummer für alle Verpackungsartikel eines Produktbündelartikels gleich sind, können diese Werte in die Hauptartikeltabelle eingegeben werden; die Werte werden in die Tabelle ""Verpackungsliste"" übernommen."
apps/bnovate/bnovate/bnovate/doctype/subscription_contract/subscription_contract.js,Modify / Upgrade,Ändern / Aufrüsten
apps/bnovate/bnovate/bnovate/doctype/subscription_contract/subscription_contract.js,Planned End Date was changed to the next end of billing cycle,Geplantes Enddatum wurde auf das nächste Ende des Abrechnungszyklus geändert
apps/bnovate/bnovate/bnovate/doctype/subscription_contract/subscription_contract.py,End date must be defined.,Das Enddatum muss definiert werden.
apps/bnovate/bnovate/bnovate/doctype/subscription_contract/subscription_contract.py,End date must be later than start date.,Das Enddatum muss nach dem Startdatum liegen.
apps/bnovate/bnovate/bnovate/doctype/subscription_contract/subscription_contract.py,Please create all invoices up until the chosen end date.,Bitte erstellen Sie alle Rechnungen bis zum gewählten Enddatum.
apps/bnovate/bnovate/bnovate/page/work_order_execution/items_read.html,Big Label,Großes Etikett
apps/bnovate/bnovate/bnovate/page/work_order_execution/items_read.html,Existing Stock Entries,Vorhandene Bestandseinträge
apps/bnovate/bnovate/bnovate/page/work_order_execution/items_read.html,Rating Plate,Typenschild
apps/bnovate/bnovate/bnovate/page/work_order_execution/items_read.html,Small Label,Kleines Etikett
apps/bnovate/bnovate/bnovate/page/work_order_execution/items_write.html,Additional Consumed Qty,Zusätzlich verbrauchte Menge
apps/bnovate/bnovate/bnovate/page/work_order_execution/items_write.html,Batch no is automatically generated.,Die Chargennummer wird automatisch generiert.
apps/bnovate/bnovate/bnovate/page/work_order_execution/items_write.html,Batch produced,Produzierte Charge
apps/bnovate/bnovate/bnovate/page/work_order_execution/items_write.html,Serial No produced,Seriennummer hergestellt
apps/bnovate/bnovate/bnovate/page/work_order_execution/items_write.html,Serial no is automatically generated,Die Seriennummer wird automatisch generiert
apps/bnovate/bnovate/bnovate/page/work_order_execution/time_tracking.html,Start timer,Timer starten
apps/bnovate/bnovate/bnovate/page/work_order_execution/time_tracking.html,Stop timer,Zeitschaltuhr anhalten
apps/bnovate/bnovate/bnovate/page/work_order_execution/work_order_execution.html,BOM no,Stücklisten-Nr.
apps/bnovate/bnovate/bnovate/page/work_order_execution/work_order_execution.html,Expected delivery date,Voraussichtliches Lieferdatum
apps/bnovate/bnovate/bnovate/page/work_order_execution/work_order_execution.html,Item to Manufacture,Artikel zum Herstellen
apps/bnovate/bnovate/bnovate/page/work_order_execution/work_order_execution.html,Quantity Produced,Produzierte Menge
apps/bnovate/bnovate/bnovate/report/aggregate_invoicing/aggregate_invoicing.js,Show Invoiced Periods,Abgerechnete Zeiträume anzeigen
apps/bnovate/bnovate/bnovate/report/aggregate_invoicing/aggregate_invoicing.py,Configuration missing,Konfiguration fehlt
apps/bnovate/bnovate/bnovate/report/aggregate_invoicing/aggregate_invoicing.py,End Billing Period,Ende Abrechnungszeitraum
apps/bnovate/bnovate/bnovate/report/aggregate_invoicing/aggregate_invoicing.py,End Subscription,Abonnement beenden
apps/bnovate/bnovate/bnovate/report/aggregate_invoicing/aggregate_invoicing.py,"Multiple taxes and charges templates found, using the default template for this customer. Consider creating the invoice by hand.","Es wurden mehrere Vorlagen für Steuern und Gebühren gefunden, die die Standardvorlage für diesen Kunden verwenden. Erwägen Sie, die Rechnung von Hand zu erstellen."
apps/bnovate/bnovate/bnovate/report/aggregate_invoicing/aggregate_invoicing.py,Please define a default sales taxes and charges template for customer group {}.,Bitte definieren Sie eine Standardvorlage für Steuern und Gebühren für die Kundengruppe {}.
apps/bnovate/bnovate/bnovate/report/aggregate_invoicing/aggregate_invoicing.py,SINV End Period,SINV Ende Zeitraum
apps/bnovate/bnovate/bnovate/report/aggregate_invoicing/aggregate_invoicing.py,SINV Start Period,SINV Startzeitraum
apps/bnovate/bnovate/bnovate/report/aggregate_invoicing/aggregate_invoicing.py,Start Billing / Ship Date,Beginn Rechnungsstellung / Versanddatum
apps/bnovate/bnovate/bnovate/report/aggregate_invoicing/aggregate_invoicing.py,Start Subscription,Start Abonnement
apps/bnovate/bnovate/bnovate/report/aggregate_invoicing/aggregate_invoicing.py,Tax Conflict,Steuerkonflikt
apps/bnovate/bnovate/bnovate/report/all_on_stock/all_on_stock.py,SNR,SNR
apps/bnovate/bnovate/bnovate/report/ancestry_report/ancestry_report.py,Voucher,Gutschein
apps/bnovate/bnovate/bnovate/report/cartridge_status/cartridge_status.js,At bNovate only,Nur bei bNovate
apps/bnovate/bnovate/bnovate/report/cartridge_status/cartridge_status.py,Manufacturing Stock Entry,Fertigungsbestandserfassung
apps/bnovate/bnovate/bnovate/report/cartridge_status/cartridge_status.py,Order Status,Status der Bestellung
apps/bnovate/bnovate/bnovate/report/cartridge_status/cartridge_status.py,Owned by Customer,Im Besitz des Kunden
apps/bnovate/bnovate/bnovate/report/connected_devices/connected_devices.py,Data Usage [MB],Datenverwendung [MB]
apps/bnovate/bnovate/bnovate/report/connected_devices/connected_devices.py,Device Name,Gerät Name
apps/bnovate/bnovate/bnovate/report/connected_devices/connected_devices.py,Operator,Betreiber
apps/bnovate/bnovate/bnovate/report/connected_devices/connected_devices.py,Package Name,Name des Pakets
apps/bnovate/bnovate/bnovate/report/connected_devices/connected_devices.py,Signal [dBm],Signal [dBm]
apps/bnovate/bnovate/bnovate/report/connected_devices/connected_devices.py,Since date,Seit Datum
apps/bnovate/bnovate/bnovate/report/connected_devices/connected_devices.py,Transfer doc,Dokument übertragen
apps/bnovate/bnovate/bnovate/report/deferred_revenue_report/deferred_revenue_report.py,Deferred Amount,Aufgeschobener Betrag
apps/bnovate/bnovate/bnovate/report/deferred_revenue_report/deferred_revenue_report.py,Recognized Amount,Anerkannter Betrag
apps/bnovate/bnovate/bnovate/report/enclosure_filling_history/enclosure_filling_history.js,Serial no,Laufende Nummer
apps/bnovate/bnovate/bnovate/report/enclosure_filling_history/enclosure_filling_history.py,Enclosure Serial,Gehäuse seriell
apps/bnovate/bnovate/bnovate/report/enclosure_filling_history/enclosure_filling_history.py,Expiry date,Verfallsdatum
apps/bnovate/bnovate/bnovate/report/enclosure_filling_history/enclosure_filling_history.py,Fill Serial,Serienmäßig ausfüllen
apps/bnovate/bnovate/bnovate/report/enclosure_filling_history/enclosure_filling_history.py,Fill Type,Füllung Typ
apps/bnovate/bnovate/bnovate/report/enclosure_filling_history/enclosure_filling_history.py,Production date,Produktionsdatum
apps/bnovate/bnovate/bnovate/report/enclosure_filling_history/enclosure_filling_history.py,STE,STE
apps/bnovate/bnovate/bnovate/report/late_purchases/late_purchases.js,Expected in ... days,Erwartet in ... Tagen
apps/bnovate/bnovate/bnovate/report/late_purchases/late_purchases.js,Only stock items,Nur Lagerartikel
apps/bnovate/bnovate/bnovate/report/late_purchases/late_purchases.py,Expected date,Voraussichtliches Datum
apps/bnovate/bnovate/bnovate/report/late_purchases/late_purchases.py,PO,PO
apps/bnovate/bnovate/bnovate/report/late_purchases/late_purchases.py,Qty total,Menge insgesamt
apps/bnovate/bnovate/bnovate/report/late_purchases/late_purchases.py,Sold item,Verkaufter Artikel
apps/bnovate/bnovate/bnovate/report/on_time_delivery_kpis/on_time_delivery_kpis.py,1-2d,1-2d
apps/bnovate/bnovate/bnovate/report/on_time_delivery_kpis/on_time_delivery_kpis.py,3-7d,3-7d
apps/bnovate/bnovate/bnovate/report/on_time_delivery_kpis/on_time_delivery_kpis.py,>7d,>7d
apps/bnovate/bnovate/bnovate/report/on_time_delivery_kpis/on_time_delivery_kpis.py,DN,DN
apps/bnovate/bnovate/bnovate/report/on_time_delivery_kpis/on_time_delivery_kpis.py,Delay,Verzögerung
apps/bnovate/bnovate/bnovate/report/on_time_delivery_kpis/on_time_delivery_kpis.py,On time,Pünktlich
apps/bnovate/bnovate/bnovate/report/on_time_delivery_kpis/on_time_delivery_kpis.py,Planned date,Geplantes Datum
apps/bnovate/bnovate/bnovate/report/on_time_delivery_kpis/on_time_delivery_kpis.py,SO,SO
apps/bnovate/bnovate/bnovate/report/on_time_delivery_kpis/on_time_delivery_kpis.py,Shipped date,Datum des Versands
apps/bnovate/bnovate/bnovate/report/open_work_orders_for_lab/open_work_orders_for_lab.py,Qty Remaining,Verbleibende Menge
apps/bnovate/bnovate/bnovate/report/order_book/order_book.js,Period Length,Zeitraum Länge
apps/bnovate/bnovate/bnovate/report/order_book/order_book.py,Expected Billing,Erwartete Abrechnung
apps/bnovate/bnovate/bnovate/report/order_book/order_book.py,Qty Delivered,Gelieferte Menge
apps/bnovate/bnovate/bnovate/report/order_book/order_book.py,SO date,SO Datum
apps/bnovate/bnovate/bnovate/report/order_book/order_book.py,Total Expected Revenue,Erwartete Gesamteinnahmen
apps/bnovate/bnovate/bnovate/report/orders_to_fulfill/orders_to_fulfill.js,Include Drafts,Entwürfe einbeziehen
apps/bnovate/bnovate/bnovate/report/orders_to_fulfill/orders_to_fulfill.js,Only manufactured items,Nur hergestellte Artikel
apps/bnovate/bnovate/bnovate/report/orders_to_fulfill/orders_to_fulfill.py,Go?,Gehen?
apps/bnovate/bnovate/bnovate/report/orders_to_fulfill/orders_to_fulfill.py,Item code,Artikelcode
apps/bnovate/bnovate/bnovate/report/orders_to_fulfill/orders_to_fulfill.py,Item group,Artikelgruppe
apps/bnovate/bnovate/bnovate/report/orders_to_fulfill/orders_to_fulfill.py,Qty Ordered,Bestellte Menge
apps/bnovate/bnovate/bnovate/report/orders_to_fulfill/orders_to_fulfill.py,Ship date,Versanddatum
apps/bnovate/bnovate/bnovate/report/payment_entry_accounts/payment_entry_accounts.py,PE,PE
apps/bnovate/bnovate/bnovate/report/payment_entry_accounts/payment_entry_accounts.py,PINV,PINV
apps/bnovate/bnovate/bnovate/report/portal_users/portal_users.py,Has Cartridge Portal,Hat Cartridge Portal
apps/bnovate/bnovate/bnovate/report/portal_users/portal_users.py,Is Primary Customer,Ist Hauptkunde
apps/bnovate/bnovate/bnovate/report/projected_stock/projected_stock.js,Include SO Drafts,SO Entwürfe einbeziehen
apps/bnovate/bnovate/bnovate/report/projected_stock/projected_stock.js,Include WO Drafts,WO-Entwürfe einbeziehen
apps/bnovate/bnovate/bnovate/report/projected_stock/projected_stock.py,Docname,Doku-Name
apps/bnovate/bnovate/bnovate/report/projected_stock/projected_stock.py,Doctype,Doctype
apps/bnovate/bnovate/bnovate/report/projected_stock/projected_stock.py,Guaranteed Quantity,Garantierte Menge
apps/bnovate/bnovate/bnovate/report/projected_stock/projected_stock.py,Projected Quantity,Voraussichtliche Menge
apps/bnovate/bnovate/bnovate/report/shipping_and_billing_history/shipping_and_billing_history.py,Shipped item,Versendete Ware
apps/bnovate/bnovate/bnovate/report/shipping_and_billing_history/shipping_and_billing_history.py,Sold rate,Verkaufte Rate
apps/bnovate/bnovate/bnovate/report/stored_cartridges/stored_cartridges.py,Last Customer,Letzter Kunde
apps/bnovate/bnovate/bnovate/report/stored_cartridges/stored_cartridges.py,Last Customer Name,Nachname des Kunden
apps/bnovate/bnovate/bnovate/report/stored_cartridges/stored_cartridges.py,Owned by Customer Name,Im Besitz des Kunden Name
apps/bnovate/bnovate/bnovate/report/subscription_timeline/subscription_timeline.js,Show only reminders,Nur Mahnungen anzeigen
apps/bnovate/bnovate/bnovate/report/subscription_timeline/subscription_timeline.py,Item Rate,Artikel Rate
apps/bnovate/bnovate/bnovate/report/subscription_timeline/subscription_timeline.py,Renewal Reminder From,Verlängerungserinnerung von
apps/bnovate/bnovate/bnovate/report/weekly_kpi/weekly_kpi.py,Cum. instruments,Cum. Instrumente
apps/bnovate/bnovate/bnovate/report/weekly_kpi/weekly_kpi.py,Cum. orders,Kumulierte Aufträge
apps/bnovate/bnovate/bnovate/report/weekly_kpi/weekly_kpi.py,Instruments,Instrumente
apps/bnovate/bnovate/bnovate/report/weekly_kpi/weekly_kpi.py,Orders confirmed,Bestätigte Aufträge
apps/bnovate/bnovate/bnovate/report/work_order_planning/work_order_planning.js,Simple View,Einfache Ansicht
apps/bnovate/bnovate/bnovate/report/work_order_planning/work_order_planning.py,Delivery date,Liefertermin
apps/bnovate/bnovate/bnovate/utils/dashboards.py,Add-ons,Add-ons
apps/bnovate/bnovate/bnovate/utils/dashboards.py,Storage,Lagerung
apps/bnovate/bnovate/config/bnovate.py,Aggregate Invoicing,Aggregierte Fakturierung
apps/bnovate/bnovate/config/bnovate.py,Bulk upload scanned purchase invoices,Bulk-Upload gescannter Eingangsrechnungen
apps/bnovate/bnovate/config/bnovate.py,Cartridge Return,Kartuschenrücklauf
apps/bnovate/bnovate/config/bnovate.py,Cartridge Status,Status der Kartusche
apps/bnovate/bnovate/config/bnovate.py,Cartridge Tools,Kartuschen-Werkzeuge
apps/bnovate/bnovate/config/bnovate.py,Confirm return of cartridges,Bestätigung der Rückgabe der Kartuschen
apps/bnovate/bnovate/config/bnovate.py,Connected Device Map,Karte der angeschlossenen Geräte
apps/bnovate/bnovate/config/bnovate.py,Connectivity Package,Konnektivitätspaket
apps/bnovate/bnovate/config/bnovate.py,Customers requesting refills through Portal,"Kunden, die Nachfüllungen über das Portal anfordern"
apps/bnovate/bnovate/config/bnovate.py,Deferred Revenue Report,Bericht über die aufgeschobenen Einnahmen
apps/bnovate/bnovate/config/bnovate.py,Enclosure Filling History,Geschichte der Beilagenbefüllung
apps/bnovate/bnovate/config/bnovate.py,Enclosure Movement History,Geschichte der Einschließungsbewegung
apps/bnovate/bnovate/config/bnovate.py,Execution page for work orders,Ausführungsseite für Arbeitsaufträge
apps/bnovate/bnovate/config/bnovate.py,General Ledger for Export (FRe),Hauptbuch für den Export (FRe)
apps/bnovate/bnovate/config/bnovate.py,Information about connected devices,Informationen über angeschlossene Geräte
apps/bnovate/bnovate/config/bnovate.py,IoT,IoT
apps/bnovate/bnovate/config/bnovate.py,KPIs,KPIs
apps/bnovate/bnovate/config/bnovate.py,Kontrolle MwSt,Kontrolle MwSt
apps/bnovate/bnovate/config/bnovate.py,Late Purchases,Verspätete Käufe
apps/bnovate/bnovate/config/bnovate.py,On Time Delivery KPIs,Pünktliche Lieferung KPIs
apps/bnovate/bnovate/config/bnovate.py,Open Work Orders for Lab,Offene Arbeitsaufträge für das Labor
apps/bnovate/bnovate/config/bnovate.py,Order Book,Buch bestellen
apps/bnovate/bnovate/config/bnovate.py,Order Tracking,Auftragsverfolgung
apps/bnovate/bnovate/config/bnovate.py,Orders to Fulfill,Zu erfüllende Aufträge
apps/bnovate/bnovate/config/bnovate.py,PINV uploader,PINV-Uploader
apps/bnovate/bnovate/config/bnovate.py,Portal Users,Portal-Benutzer
apps/bnovate/bnovate/config/bnovate.py,Production Tracking,Verfolgung der Produktion
apps/bnovate/bnovate/config/bnovate.py,Projected Stock,Voraussichtlicher Bestand
apps/bnovate/bnovate/config/bnovate.py,Shipping And Billing History,Versand- und Rechnungsverlauf
apps/bnovate/bnovate/config/bnovate.py,Storage Location,Speicherort
apps/bnovate/bnovate/config/bnovate.py,Storage Locations,Speicherorte
apps/bnovate/bnovate/config/bnovate.py,Subscription Contract,Abonnement-Vertrag
apps/bnovate/bnovate/config/bnovate.py,Subscriptions and service contracts,Abonnements und Dienstleistungsverträge
apps/bnovate/bnovate/config/bnovate.py,Switzerland,Schweiz
apps/bnovate/bnovate/config/bnovate.py,Weekly KPI,Wöchentlicher KPI
apps/bnovate/bnovate/config/bnovate.py,Work Order Execution,Ausführung von Arbeitsaufträgen
apps/bnovate/bnovate/config/bnovate.py,Work Order Planning,Planung von Arbeitsaufträgen
apps/bnovate/bnovate/config/desktop.py,bNovate,bNovate
apps/bnovate/bnovate/public/js/doctype_includes/contact.js,User ID is already associated with another contact:,Die Benutzer-ID ist bereits mit einem anderen Kontakt verbunden:
apps/bnovate/bnovate/public/js/doctype_includes/delivery_note.js,Aggregate Invoice,Gesamtrechnung
apps/bnovate/bnovate/public/js/doctype_includes/delivery_note.js,Confirm Shipment,Bestätigen Sie den Versand
apps/bnovate/bnovate/public/js/doctype_includes/delivery_note.js,Request Pickup,Abholung anfordern
apps/bnovate/bnovate/public/js/iot.js,Connecting...,Verbinden...
apps/bnovate/bnovate/public/js/iot.js,Error initializing connection,Fehler beim Initialisieren der Verbindung
apps/bnovate/bnovate/public/js/iot.js,Starting session...,Start der Sitzung...
apps/bnovate/bnovate/www/cartridges.html,Nothing to display.,Nichts zu sehen.
apps/bnovate/bnovate/www/cartridges.html,Select cartridges,Kartuschen auswählen
apps/bnovate/bnovate/www/cartridges.html,"Select the cartridges you wish to refill. If none of your cartridges are at bNovate, you cannot order a refill.","Wählen Sie die Kartuschen aus, die Sie nachfüllen möchten. Wenn keine Ihrer Kartuschen bei bNovate vorhanden ist, können Sie keine Nachfüllung bestellen."
apps/bnovate/bnovate/www/connect.html,Configure BactoLink,BactoLink konfigurieren
apps/bnovate/bnovate/www/connect.html,Configure BactoSense,BactoSense konfigurieren
apps/bnovate/bnovate/www/connect.html,Connect,Verbinden
apps/bnovate/bnovate/www/connect.html,Connect BactoLink,BactoLink verbinden
apps/bnovate/bnovate/www/connect.html,Connect Hardware,Hardware anschließen
apps/bnovate/bnovate/www/connect.html,Friendly Name,Freundlicher Name
apps/bnovate/bnovate/www/connect.html,Serial Number,Seriennummer
apps/bnovate/bnovate/www/connect.py,Detecting Instrument...,Instrument erkennen...
apps/bnovate/bnovate/www/connect.py,Detecting SN...,Erkennung von SN...
apps/bnovate/bnovate/www/connect.py,HTTPS not available,HTTPS nicht verfügbar
apps/bnovate/bnovate/www/connect.py,Link is Offline,Link ist offline
apps/bnovate/bnovate/www/connect.py,No serial number found,Keine Seriennummer gefunden
apps/bnovate/bnovate/www/connect.py,Serial No does not match a known instrument,Seriennummer stimmt nicht mit einem bekannten Gerät überein
apps/bnovate/bnovate/www/connect.py,Unauthorized,Unbefugte
apps/bnovate/bnovate/www/connect.py,Unregistered serial number,Nicht registrierte Seriennummer
apps/bnovate/bnovate/www/connect.py,Verifying Gateway...,Gateway überprüfen...
apps/bnovate/bnovate/www/index.html,Quick Connect,Schnellverbindung
apps/bnovate/bnovate/www/index.py,Portal Home,Portal Startseite
apps/bnovate/bnovate/www/instruments.html,Initialize a BactoLink,Einen BactoLink initialisieren
apps/bnovate/bnovate/www/instruments.html,My Instruments,Meine Instrumente
apps/bnovate/bnovate/www/instruments.html,Service Agreement,Dienstleistungsvertrag
apps/bnovate/bnovate/www/instruments.html,Touch UI,Touch UI
apps/bnovate/bnovate/www/instruments.html,Warranty Until,Garantie bis
apps/bnovate/bnovate/www/instruments.html,Web UI,Web UI
apps/bnovate/bnovate/www/internal/storage.html,Slot,Schlitz
apps/bnovate/bnovate/www/my_addresses.html,Address Details,Adresse Details
apps/bnovate/bnovate/www/my_addresses.html,Delete this address?,Diese Adresse löschen?
apps/bnovate/bnovate/www/request.py,You cannot order to this billing address,Sie können nicht an diese Rechnungsadresse bestellen
apps/bnovate/bnovate/www/request.py,You cannot order to this shipping address,Sie können nicht an diese Lieferadresse bestellen
apps/bnovate/bnovate/www/requests.html,Request date,Datum der Anfrage
apps/bnovate/bnovate/bnovate/doctype/connectivity_package/connectivity_package.js,Adding device...,Gerät hinzufügen...
apps/bnovate/bnovate/bnovate/doctype/connectivity_package/connectivity_package.js,Please ensure the device is online first,"Bitte stellen Sie sicher, dass das Gerät zuerst online ist"
apps/bnovate/bnovate/bnovate/doctype/connectivity_package/connectivity_package.js,Register device to RMS,Gerät bei RMS registrieren
apps/bnovate/bnovate/bnovate/doctype/connectivity_package/connectivity_package.js,Set admin password,Administrator-Passwort festlegen
apps/bnovate/bnovate/bnovate/doctype/connectivity_package/connectivity_package.js,Setting password...,Passwort einstellen...
apps/bnovate/bnovate/bnovate/doctype/connectivity_package/connectivity_package.js,View Data Usage,Datenverwendung anzeigen
apps/bnovate/bnovate/bnovate/doctype/custom_shipping_rule/custom_shipping_rule.py,No 'Fixed Exchange Rate' from shipping list currency {0} to document currency {1},Kein 'Fester Wechselkurs' von Versandlistenwährung {0} zu Dokumentwährung {1}
apps/bnovate/bnovate/bnovate/report/cartridge_status/cartridge_status.py,Shelf,Regal
apps/bnovate/bnovate/bnovate/report/connected_devices/connected_devices.py,CTD Data Usage [MB],CTD-Datenverbrauch [MB]
apps/bnovate/bnovate/bnovate/report/connectivity_data_usage/connectivity_data_usage.js,Sum by month,Summe pro Monat
apps/bnovate/bnovate/bnovate/report/connectivity_data_usage/connectivity_data_usage.py,MAX Usage [MB],MAX-Nutzung [MB]
apps/bnovate/bnovate/bnovate/report/connectivity_data_usage/connectivity_data_usage.py,MEAN Usage [MB],MEAN Verbrauch [MB]
apps/bnovate/bnovate/bnovate/report/connectivity_data_usage/connectivity_data_usage.py,Period End,Ende des Zeitraums
apps/bnovate/bnovate/bnovate/report/connectivity_data_usage/connectivity_data_usage.py,Period Start,Zeitraum Beginn
apps/bnovate/bnovate/bnovate/report/connectivity_data_usage/connectivity_data_usage.py,SUM Usage [MB],SUM Verbrauch [MB]
apps/bnovate/bnovate/bnovate/report/orders_to_fulfill/orders_to_fulfill.py,WK,WK
apps/bnovate/bnovate/bnovate/report/work_order_planning/work_order_planning.js,New Delivery Date,Neuer Liefertermin
apps/bnovate/bnovate/bnovate/report/work_order_planning/work_order_planning.js,New Start Date,Neuer Starttermin
apps/bnovate/bnovate/bnovate/report/work_order_planning/work_order_planning.js,Show Chart,Tabelle anzeigen
apps/bnovate/bnovate/bnovate/report/work_order_planning/work_order_planning.py,BOM Description,Stückliste Beschreibung
apps/bnovate/bnovate/bnovate/utils/iot_apis.py,Could not fetch valid status from the instrument,Es konnte kein gültiger Status vom Gerät abgerufen werden
apps/bnovate/bnovate/bnovate/utils/iot_apis.py,Initiating request...,Anfrage einleiten...
apps/bnovate/bnovate/config/bnovate.py,Data Usage,Datenverwendung
apps/bnovate/bnovate/config/bnovate.py,Fixed Currency Exchange,Fester Währungsumtausch
apps/bnovate/bnovate/config/bnovate.py,"Long-term currency exchange rates, used for shipping rates","Langfristige Wechselkurse, die für die Frachtraten verwendet werden"
apps/bnovate/bnovate/config/bnovate.py,Shipping Rules for bNovate,Versandvorschriften für bNovate
apps/bnovate/bnovate/public/js/doctype_includes/contact.js,User ID is already associated with another contact:,Die Benutzer-ID ist bereits mit einem anderen Kontakt verbunden:
apps/bnovate/bnovate/public/js/doctype_includes/material_request.js,Work Order (select items),Arbeitsauftrag (Artikel auswählen)
apps/bnovate/bnovate/public/js/iot.js,Starting session....,Start der Sitzung....
apps/bnovate/bnovate/public/js/web_includes/helpers.js,Cartridge Expiry,Ablauf der Kartusche
apps/bnovate/bnovate/public/js/web_includes/helpers.js,Cartridge Level,Loading...
apps/bnovate/bnovate/public/js/web_includes/helpers.js,Cartridge Serial No,Seriennummer der Kassette
apps/bnovate/bnovate/public/js/web_includes/helpers.js,Fill Serial No,Seriennummer ausfüllen
apps/bnovate/bnovate/public/js/web_includes/helpers.js,Service: Due Date,Dienstleistung: Fälligkeitsdatum
apps/bnovate/bnovate/public/js/web_includes/helpers.js,Service: Wear Parts Lifetime Remaining,Service: Verbleibende Lebensdauer der Verschleißteile
apps/bnovate/bnovate/www/instruments.html,GUI Relay,GUI-Relais
apps/bnovate/bnovate/www/scan.py,Health Scan,Gesundheitsscan
apps/bnovate/bnovate/bnovate/report/aggregate_invoicing/aggregate_invoicing.js,Ignore Stopped,Ignorieren Gestoppt
apps/bnovate/bnovate/bnovate/report/connectivity_data_usage/connectivity_data_usage.py,Period Start,Zeitraum Beginn
apps/bnovate/bnovate/public/js/doctype_includes/contact.js,User ID is already associated with another contact:,Die Benutzer-ID ist bereits mit einem anderen Kontakt verbunden:
apps/bnovate/bnovate/www/cartridges.html,Shipped To,Versandt nach
apps/bnovate/bnovate/www/index.html,You do not have any BactoLinks.,Sie haben keine BactoLinks.
apps/bnovate/bnovate/www/index.html,You have not requested any refills.,Sie haben keine Nachfüllungen angefordert.
apps/bnovate/bnovate/www/my_addresses.html,Email Notifications,E-Mail-Benachrichtigungen
apps/bnovate/bnovate/www/my_addresses.html,"Split addresses with comma: first@example.com, second@example.com","Adressen mit Komma trennen: first@example.com, second@example.com"
apps/bnovate/bnovate/bnovate/report/connectivity_data_usage/connectivity_data_usage.py,Period Start,Zeitraum Beginn
apps/bnovate/bnovate/bnovate/report/weekly_sales/weekly_sales.js,Only current year,Nur laufendes Jahr
apps/bnovate/bnovate/bnovate/report/weekly_sales/weekly_sales.py,Instrument Qty,Anzahl der Instrumente
apps/bnovate/bnovate/bnovate/report/weekly_sales/weekly_sales.py,Instrument Qty YTD,Instrument Menge YTD
apps/bnovate/bnovate/bnovate/report/weekly_sales/weekly_sales.py,Instruments & Cartridges {0},Instrumente & Patronen {0}
apps/bnovate/bnovate/bnovate/report/weekly_sales/weekly_sales.py,Refills {0},Nachfüllen {0}
apps/bnovate/bnovate/bnovate/report/weekly_sales/weekly_sales.py,Service {0},Dienst {0}
apps/bnovate/bnovate/bnovate/report/weekly_sales/weekly_sales.py,Total {0},Insgesamt {0}
apps/bnovate/bnovate/bnovate/report/weekly_sales/weekly_sales.py,Total {0} YTD,Gesamt {0} YTD
apps/bnovate/bnovate/bnovate/utils/shipping.py,Checking addresses...,Überprüfung der Adressen...
apps/bnovate/bnovate/bnovate/utils/shipping.py,Declaring contents...,Inhalt deklarieren...
apps/bnovate/bnovate/bnovate/utils/shipping.py,Delivery country must be the same as Bill country,Das Lieferland muss mit dem Land der Rechnung übereinstimmen.
apps/bnovate/bnovate/bnovate/utils/shipping.py,Getting documents...,Dokumente erhalten...
apps/bnovate/bnovate/bnovate/utils/shipping.py,Please specify types of parcel,Bitte geben Sie die Arten von Paketen an
apps/bnovate/bnovate/bnovate/utils/shipping.py,Requesting pickup...,Bitte um Abholung...
apps/bnovate/bnovate/public/js/doctype_includes/address.js,Check Address,Adresse prüfen
apps/bnovate/bnovate/public/js/doctype_includes/address.js,Please save document first,Bitte speichern Sie das Dokument zuerst
apps/bnovate/bnovate/public/js/doctype_includes/contact.js,User ID is already associated with another contact:,Die Benutzer-ID ist bereits mit einem anderen Kontakt verbunden:
apps/bnovate/bnovate/public/js/doctype_includes/delivery_note.js,Confirm Pickup Date,Bestätigen Sie das Abholdatum
apps/bnovate/bnovate/public/js/doctype_includes/delivery_note.js,Creating shipment...,Sendung erstellen...
apps/bnovate/bnovate/public/js/doctype_includes/delivery_note.js,Pickup Date,Datum der Abholung
apps/bnovate/bnovate/public/js/doctype_includes/delivery_note.js,Request DHL Pickup,DHL-Abholung anfordern
apps/bnovate/bnovate/public/js/doctype_includes/delivery_note.js,Ship with DHL,Versand mit DHL
apps/bnovate/bnovate/public/js/doctype_includes/delivery_note.js,Shipment,Sendung
apps/bnovate/bnovate/public/js/doctype_includes/delivery_note.js,Shipping Label,Versandetikett
apps/bnovate/bnovate/public/js/doctype_includes/delivery_note.js,The customer will organize shipping,Der Kunde wird den Versand organisieren
apps/bnovate/bnovate/public/js/doctype_includes/delivery_note.js,We organize shipping for this order,Wir organisieren den Versand für diese Bestellung
apps/bnovate/bnovate/public/js/doctype_includes/sales_order.js,Billing address is not valid,Rechnungsadresse ist nicht gültig
apps/bnovate/bnovate/public/js/doctype_includes/sales_order.js,Shipping address is not valid,Lieferadresse ist nicht gültig
apps/bnovate/bnovate/public/js/doctype_includes/shipment.js,Cancel pickup URL,Abhol-URL abbrechen
apps/bnovate/bnovate/public/js/doctype_includes/shipment.js,Create Shipment AND Pickup,Sendung erstellen UND Abholung
apps/bnovate/bnovate/public/js/doctype_includes/shipment.js,Create Shipment NO Pickup,Sendung erstellen NO Pickup
apps/bnovate/bnovate/public/js/doctype_includes/shipment.js,Finalize DN,DN abschließen
apps/bnovate/bnovate/public/js/doctype_includes/shipment.js,Get Estimate,Kostenvoranschlag erhalten
apps/bnovate/bnovate/public/js/doctype_includes/shipment.js,Labels,Etiketten
apps/bnovate/bnovate/public/js/doctype_includes/shipment.js,Please specify parcels.,Bitte Pakete angeben.
apps/bnovate/bnovate/public/js/doctype_includes/shipment.js,Tracking URL,Verfolgungs-URL
apps/bnovate/bnovate/public/js/shipping.js,Address is deliverable,Adresse ist zustellbar
apps/bnovate/bnovate/public/js/web_includes/wizard_modal.js,Last Shipped To,Zuletzt versandt an
apps/bnovate/bnovate/www/cartridges.html,"If none of your cartridges are at bNovate, you cannot order a refill.","Wenn keine Ihrer Kartuschen bei bNovate vorhanden ist, können Sie keine Nachfüllung bestellen."
apps/bnovate/bnovate/www/cartridges.html,You may only select cartridges with no ongoing refill requests.,"Sie können nur Kartuschen auswählen, die nicht ständig nachgefüllt werden müssen."
apps/bnovate/bnovate/www/helpers.py,Our carrier can't ship to this address. Please check Postal Code.,Unser Spediteur kann nicht an diese Adresse liefern. Bitte überprüfen Sie die Postleitzahl.
apps/bnovate/bnovate/www/my_addresses.html,"You can only edit shipping addresses. To change your billing address, contact sales@bnovate.com.","Sie können nur Lieferadressen bearbeiten. Um Ihre Rechnungsadresse zu ändern, wenden Sie sich an sales@bnovate.com."
apps/bnovate/bnovate/www/request.html,A return shipping label is available.,Ein Rücksendeetikett ist verfügbar.
apps/bnovate/bnovate/www/request.html,Print Return Label,Rücksendeetikett drucken
apps/bnovate/bnovate/www/request.html,The request will be confirmed once all cartridges are received at bNovate,"Die Anfrage wird bestätigt, sobald alle Kartuschen bei bNovate eingegangen sind."
apps/bnovate/bnovate/bnovate/doctype/connectivity_package/connectivity_package.js,Allowed Users,Erlaubte Benutzer
apps/bnovate/bnovate/bnovate/doctype/refill_request/refill_request.js,Unlink Shipment,Sendung auflösen
apps/bnovate/bnovate/bnovate/doctype/service_report/service_report.js,Billing skipped,Ausgesetzte/ Stornierte Rechnung
apps/bnovate/bnovate/bnovate/doctype/service_report/service_report.js,Ignore Billing,Rechnung ignorieren
apps/bnovate/bnovate/bnovate/page/cartridge_return/cartridge_return.js,Routing Label,Routing-Etikett
apps/bnovate/bnovate/bnovate/page/work_order_execution/time_tracking.html,Assign to Prod,Prod zuweisen
apps/bnovate/bnovate/bnovate/page/work_order_execution/time_tracking.html,Assign to QC,QC zuweisen
apps/bnovate/bnovate/bnovate/page/work_order_execution/work_order_execution.html,Quality Control Required,Qualitätskontrolle benötigt
apps/bnovate/bnovate/bnovate/report/accounts_receivable_(bn)/accounts_receivable_(bn).js,Status Date,Status Datum
apps/bnovate/bnovate/bnovate/report/aggregate_invoicing/aggregate_invoicing.py,Incoterm Conflict,Incoterm-Konflikt
apps/bnovate/bnovate/bnovate/report/aggregate_invoicing/aggregate_invoicing.py,Multiple incoterms found. Please set them manually or consider invoicing separately.,Mehrere Incoterms gefunden. Bitte stellen Sie diese manuell ein oder erwägen Sie eine separate Rechnungsstellung.
apps/bnovate/bnovate/bnovate/report/cartridge_status/cartridge_status.py,Compatibility,Kompatibilität
apps/bnovate/bnovate/bnovate/report/connectivity_data_usage/connectivity_data_usage.py,Period Start,Zeitraum Beginn
apps/bnovate/bnovate/bnovate/report/enclosure_filling_history/enclosure_filling_history.py,Analysis Certificate,Analyse-Zertifikat
apps/bnovate/bnovate/bnovate/report/enclosure_filling_history/enclosure_filling_history.py,Fill Item,Artikel ausfüllen
apps/bnovate/bnovate/bnovate/report/enclosure_filling_history/enclosure_filling_history.py,Fill Name,Name ausfüllen
apps/bnovate/bnovate/bnovate/report/item_wise_purchase_register_(bn)/item_wise_purchase_register_(bn).py,Amount in Company Currency,Betrag in der Währung des Unternehmens
apps/bnovate/bnovate/bnovate/report/item_wise_purchase_register_(bn)/item_wise_purchase_register_(bn).py,Subsidy,Subvention
apps/bnovate/bnovate/bnovate/report/item_wise_sales_register_(bn)/item_wise_sales_register_(bn).py,Company Currency,Unternehmen Währung
apps/bnovate/bnovate/bnovate/report/item_wise_sales_register_(bn)/item_wise_sales_register_(bn).py,Doc Currency,Doc Währung
apps/bnovate/bnovate/bnovate/report/item_wise_sales_register_(bn)/item_wise_sales_register_(bn).py,Net Amount in Company Currency,Nettobetrag in der Währung des Unternehmens
apps/bnovate/bnovate/bnovate/report/item_wise_sales_register_(bn)/item_wise_sales_register_(bn).py,Net Rate in Company Currency,Nettokurs in Gesellschaftswährung
apps/bnovate/bnovate/bnovate/report/item_wise_sales_register_(bn)/item_wise_sales_register_(bn).py,Territory Parent,Gebiet Elternteil
apps/bnovate/bnovate/bnovate/report/portal_users/portal_users.py,Teltonika Serial,Teltonika Serie
apps/bnovate/bnovate/bnovate/report/work_order_planning/work_order_planning.py,Mean Minutes per Unit,Durchschnittliche Minuten pro Einheit
apps/bnovate/bnovate/bnovate/report/work_order_planning/work_order_planning.py,Time Estimate,Zeitvoranschlag
apps/bnovate/bnovate/bnovate/utils/__init__.py,Error in translation: {0},Fehler in der Übersetzung: {0}
apps/bnovate/bnovate/bnovate/utils/__init__.py,"Please check UK EORI numbers on the <a target=""_blank"" href=""https://www.tax.service.gov.uk/check-eori-number"">UK government website</a>","Bitte überprüfen Sie die EORI-Nummern des UK auf der <a target=""_blank"" href=""https://www.tax.service.gov.uk/check-eori-number"">Website der britischen Regierung</a>"
apps/bnovate/bnovate/bnovate/utils/shipping.py,Cancelling pickup...,Stornierung der Abholung...
apps/bnovate/bnovate/bnovate/utils/shipping.py,Only returns to Switzerland are supported at this stage,In diesem Zeitpunkt werden nur Rücksendungen in die Schweiz unterstützt
apps/bnovate/bnovate/bnovate/utils/shipping.py,Updating...,Aktualisieren...
apps/bnovate/bnovate/config/bnovate.py,Accounts Payable (bN),Kreditorenbuchhaltung (bN)
apps/bnovate/bnovate/config/bnovate.py,Accounts Receivable (bN),Debitoren (bN)
apps/bnovate/bnovate/config/bnovate.py,General Ledger for Export (bN),Hauptbuch für den Export (bN)
apps/bnovate/bnovate/config/bnovate.py,Item-wise Purchase Register (bN),Postenbezogenes Einkaufsregister (bN)
apps/bnovate/bnovate/config/bnovate.py,Item-wise Sales History (bN),Artikelbezogene Umsatzentwicklung (bN)
apps/bnovate/bnovate/config/bnovate.py,Item-wise Sales Register (bN),Artikelbezogenes Verkaufsregister (bN)
apps/bnovate/bnovate/config/bnovate.py,Party Ledger per Month,Party Ledger pro Monat
apps/bnovate/bnovate/config/bnovate.py,Service & Support,Service und Unterstützung
apps/bnovate/bnovate/config/bnovate.py,Service Report,Dienstbericht
apps/bnovate/bnovate/config/bnovate.py,Supply Tracking,Verfolgung der Versorgung
apps/bnovate/bnovate/public/js/bnovate_common.js,EORI invalid,EORI ungültig
apps/bnovate/bnovate/public/js/bnovate_common.js,EORI valid,EORI gültig
apps/bnovate/bnovate/public/js/doctype_includes/contact.js,User ID is already associated with another contact:,Die Benutzer-ID ist bereits mit einem anderen Kontakt verbunden:
apps/bnovate/bnovate/public/js/doctype_includes/delivery_note.js,Confirm Label Format,Bestätigen Sie das Etikettenformat
apps/bnovate/bnovate/public/js/doctype_includes/delivery_note.js,Create return label?,Rücksendeetikett erstellen?
apps/bnovate/bnovate/public/js/doctype_includes/delivery_note.js,Label Size,Etikett Größe
apps/bnovate/bnovate/public/js/doctype_includes/delivery_note.js,Pickup From,Abholung von
apps/bnovate/bnovate/public/js/doctype_includes/delivery_note.js,Please enter dimensions and number of Parcels.,Bitte geben Sie die Abmessungen und die Anzahl der Pakete ein.
apps/bnovate/bnovate/public/js/doctype_includes/delivery_note.js,Return Label,Rücksendeetikett
apps/bnovate/bnovate/public/js/doctype_includes/delivery_note.js,Return Shipment,Rücksendung
apps/bnovate/bnovate/public/js/doctype_includes/delivery_note.js,Shipping is organized manually on this order,Der Versand wird bei dieser Bestellung manuell organisiert
apps/bnovate/bnovate/public/js/doctype_includes/delivery_note.js,This order can be shipped automatically with DHL,Diese Bestellung kann automatisch mit DHL verschickt werden
apps/bnovate/bnovate/public/js/doctype_includes/quotation.js,Are these translations suitable?<br><p><b>Item Name:</b></p> <p>{0}<p> <p><b>Description:</b><p> <p>{1}</p>,Sind diese Übersetzungen geeignet?<br><p><b>Einzelteilname:</b></p> <p>{0}<p> <p><b>Beschreibung:</b><p> <p>{1}</p>
apps/bnovate/bnovate/public/js/doctype_includes/shipment.js,Cancel Pickup,Abholung stornieren
apps/bnovate/bnovate/public/js/doctype_includes/shipment.js,Confirm Cancellation,Stornierung bestätigen
apps/bnovate/bnovate/public/js/doctype_includes/shipment.js,Copy to RR,Kopie an RR
apps/bnovate/bnovate/public/js/doctype_includes/shipment.js,Do not cancel,Nicht abbrechen
apps/bnovate/bnovate/public/js/doctype_includes/shipment.js,Update Tracking,Update-Verfolgung
apps/bnovate/bnovate/public/js/web_includes/wizard_modal.js,How many parcels are you sending?,Wie viele Pakete schicken Sie?
apps/bnovate/bnovate/public/js/web_includes/wizard_modal.js,One parcel can contain several cartridges. We will create one return label per parcel.,Ein Paket kann mehrere Kartuschen enthalten. Wir erstellen ein Rücksendeetikett pro Paket.
apps/bnovate/bnovate/public/js/web_includes/wizard_modal.js,Parcel Count,Parzellenanzahl
apps/bnovate/bnovate/www/cartridge.html,Production Date,Produktionsdatum
apps/bnovate/bnovate/www/cartridge.py,Cartridge,Kartusche
apps/bnovate/bnovate/www/instrument.html,Installation,Einrichtung
apps/bnovate/bnovate/www/instrument.html,Intervention Date,Intervention Datum
apps/bnovate/bnovate/www/instrument.html,Reason for visit,Grund des Besuchs
apps/bnovate/bnovate/www/instrument.html,Report Intervention,Bericht Intervention
apps/bnovate/bnovate/www/instrument.html,Service History,Service-Geschichte
apps/bnovate/bnovate/www/instrument.html,Software Upgrade,Software-Upgrade
apps/bnovate/bnovate/www/instrument.html,Version after upgrade,Version nach dem Upgrade
apps/bnovate/bnovate/www/instrument.html,Version before upgrade,Version vor dem Upgrade
apps/bnovate/bnovate/www/instrument.py,Instrument,Instrument
apps/bnovate/bnovate/www/instruments.html,Instrument Details,Details zum Instrument
apps/bnovate/bnovate/www/pickup.html,And,Und
apps/bnovate/bnovate/www/pickup.html,Cancel / Re-schedule Pickup,Abholung stornieren/umplanen
apps/bnovate/bnovate/www/pickup.html,Contact sales@bnovate.com for any changes to the above.,"Wenden Sie sich an sales@bnovate.com, wenn sich die oben genannten Angaben ändern."
apps/bnovate/bnovate/www/pickup.html,Get Availability,Verfügbarkeit erhalten
apps/bnovate/bnovate/www/pickup.html,Identify parcel(s),Paket (e) identifizieren
apps/bnovate/bnovate/www/pickup.html,No pickup availability,Keine Abholung möglich
apps/bnovate/bnovate/www/pickup.html,Number of parcels,Anzahl der Pakete
apps/bnovate/bnovate/www/pickup.html,One label per parcel,Ein Etikett pro Paket
apps/bnovate/bnovate/www/pickup.html,Organize Return,Organisieren der Rückgabe
apps/bnovate/bnovate/www/pickup.html,Pickup Address,Abholadresse
apps/bnovate/bnovate/www/pickup.html,Pickup request failed.,Abholauftrag nicht erfolgreich.
apps/bnovate/bnovate/www/pickup.html,Please allow at least a 2h window,Bitte planen Sie mindestens ein Zeitfenster von 2 Stunden ein.
apps/bnovate/bnovate/www/pickup.html,Print Label,Etikett drucken
apps/bnovate/bnovate/www/pickup.html,Print the label,Drucken Sie das Etikett
apps/bnovate/bnovate/www/pickup.html,Special Instructions,Besondere Anweisungen
apps/bnovate/bnovate/www/pickup.html,Tape it to the parcel,Mit Klebeband am Paket befestigen
apps/bnovate/bnovate/www/pickup.html,Verify information,Informationen überprüfen
apps/bnovate/bnovate/www/pickup.py,No pickup date found,Kein Abholdatum gefunden
apps/bnovate/bnovate/www/pickup.py,No pickup possible,Keine Abholung möglich
apps/bnovate/bnovate/www/pickup.py,Schedule Pickup,Abholung planen
apps/bnovate/bnovate/www/request.html,Organize Pickup,Abholung organisieren
apps/bnovate/bnovate/www/request.html,Requested by,Angefragt von
apps/bnovate/bnovate/www/requests.html,Requested By,Angefragt von
apps/bnovate/bnovate/bnovate/report/cartridge_status/cartridge_status.py,Awaiting Return,Erwartete Rückkehr
apps/bnovate/bnovate/bnovate/report/cartridge_status/cartridge_status.py,Filling,Füllen
apps/bnovate/bnovate/bnovate/report/cartridge_status/cartridge_status.py,In Storage,Im Lager
apps/bnovate/bnovate/bnovate/report/cartridge_status/cartridge_status.py,Ready to Ship,Bereit zum Versand
apps/bnovate/bnovate/bnovate/report/connectivity_data_usage/connectivity_data_usage.py,Period Start,Zeitraum Beginn
apps/bnovate/bnovate/bnovate/report/item_wise_sales_register_(bn)/item_wise_sales_register_(bn).py,COGS,COGS
apps/bnovate/bnovate/bnovate/report/item_wise_sales_register_(bn)/item_wise_sales_register_(bn).py,DN Date,DN Datum
apps/bnovate/bnovate/bnovate/report/item_wise_sales_register_(bn)/item_wise_sales_register_(bn).py,Price List Rate in Company Currency,Preislistenkurs in Firmenwährung
apps/bnovate/bnovate/bnovate/report/item_wise_sales_register_(bn)/item_wise_sales_register_(bn).py,SO Date,SO Datum
apps/bnovate/bnovate/public/js/doctype_includes/contact.js,User ID is already associated with another contact:,Die Benutzer-ID ist bereits mit einem anderen Kontakt verbunden:
apps/bnovate/bnovate/public/js/doctype_includes/customer.js,Owned Serial Numbers,Eigene Seriennummern
apps/bnovate/bnovate/public/js/doctype_includes/customer.js,Stored Cartridges,Gespeicherte Patronen
apps/bnovate/bnovate/public/js/doctype_includes/stock_entry.js,No expired batches found,Keine abgelaufenen Chargen gefunden
apps/bnovate/bnovate/public/js/web_includes/wizard_modal.js,Purchase Order No,Bestellungsnummer
apps/bnovate/bnovate/www/cartridge.py,Cartridge,Kartusche
apps/bnovate/bnovate/www/instrument.py,Instrument,Instrument
apps/bnovate/bnovate/www/request.html,Your Order Reference (PO Number),Ihre Bestellnummer (PO-Nummer)
apps/bnovate/bnovate/bnovate/page/warehouse_wars/warehouse_wars.js,Final score: {0},Endpunktzahl: {0}
apps/bnovate/bnovate/bnovate/page/warehouse_wars/warehouse_wars.js,GAME OVER,GAME OVER
apps/bnovate/bnovate/bnovate/page/warehouse_wars/warehouse_wars.js,Inventory invaders have infested the warehouse!,Inventar-Invasoren haben das Lager befallen!
apps/bnovate/bnovate/bnovate/page/warehouse_wars/warehouse_wars.js,LEVEL CLEAR!,LEVEL GESCHAFFT!
apps/bnovate/bnovate/bnovate/page/warehouse_wars/warehouse_wars.js,Next Level,Nächstes Level
apps/bnovate/bnovate/bnovate/page/warehouse_wars/warehouse_wars.js,Play Again,Nochmals spielen
apps/bnovate/bnovate/bnovate/page/warehouse_wars/warehouse_wars.js,Scan a crate's code with your barcode reader to destroy it.,"Scannen Sie den Code einer Kiste mit Ihrem Barcodeleser, um sie zu zerstören."
apps/bnovate/bnovate/bnovate/page/warehouse_wars/warehouse_wars.js,Score: {0},Punkte: {0}
apps/bnovate/bnovate/bnovate/page/warehouse_wars/warehouse_wars.js,WAREHOUSE WARS,WAREHOUSE WARS
apps/bnovate/bnovate/bnovate/page/work_order_execution/work_order_execution.js,4-port valve,4-Port-Ventil
apps/bnovate/bnovate/bnovate/page/work_order_execution/work_order_execution.js,5-port valve,5-Port-Ventil
apps/bnovate/bnovate/bnovate/report/batch_report/batch_report.js,As of Date,Stichtag
apps/bnovate/bnovate/bnovate/report/batch_report/batch_report.js,Expires In Max (Days),Verfällt in max. (Tage)
apps/bnovate/bnovate/bnovate/report/batch_report/batch_report.js,Only Batches in Stock,Nur Chargen auf Lager
apps/bnovate/bnovate/bnovate/report/batch_report/batch_report.py,Expires In (Days),Verfällt in (Tage)
apps/bnovate/bnovate/bnovate/report/bom_search_(bn)/bom_search_(bn).js,Only Active BOMs,Nur aktive Stücklisten
apps/bnovate/bnovate/bnovate/report/bom_search_(bn)/bom_search_(bn).js,Only Active Output Items,Nur aktive Ausgabeartikel
apps/bnovate/bnovate/bnovate/report/bom_search_(bn)/bom_search_(bn).js,Only Default BOMs,Nur Standardstücklisten
apps/bnovate/bnovate/bnovate/report/bom_stock_report_(bn)/bom_stock_report_(bn).py,Enough to build,Ausreichend zum Fertigen
apps/bnovate/bnovate/bnovate/report/breakbulk_invoice_export/breakbulk_invoice_export.js,"<i class=""fa fa-calculator""></i> Sum Shipping","<i class=""fa fa-calculator""></i> Versand summieren"
apps/bnovate/bnovate/bnovate/report/breakbulk_invoice_export/breakbulk_invoice_export.js,"<i class=""fa fa-download""></i> Commercial Invoices","<i class=""fa fa-download""></i> Handelsrechnungen"
apps/bnovate/bnovate/bnovate/report/breakbulk_invoice_export/breakbulk_invoice_export.js,"<i class=""fa fa-download""></i> Export to CSV","<i class=""fa fa-download""></i> Als CSV exportieren"
apps/bnovate/bnovate/bnovate/report/breakbulk_invoice_export/breakbulk_invoice_export.js,Breakbulk Master No,Breakbulk-Master-Nr.
apps/bnovate/bnovate/bnovate/report/connectivity_data_usage/connectivity_data_usage.py,Period Start ,Zeitraum Beginn 
apps/bnovate/bnovate/bnovate/report/deferred_revenue_report/deferred_revenue_report.js,Hide Completed,Abgeschlossene ausblenden
apps/bnovate/bnovate/bnovate/report/general_ledger_for_export_(bn)/general_ledger_for_export_(bn).py,Stock Entry Reason,Grund der Lagerbuchung
apps/bnovate/bnovate/bnovate/report/ic_balance_sheet/ic_balance_sheet.js,EUR Exchange Rate,EUR-Wechselkurs
apps/bnovate/bnovate/bnovate/report/ic_balance_sheet/ic_balance_sheet.js,GBP Exchange Rate,GBP-Wechselkurs
apps/bnovate/bnovate/bnovate/report/item_wise_sales_history_(bn)/item_wise_sales_history_(bn).js,Filter on,Filtern nach
apps/bnovate/bnovate/bnovate/report/item_wise_sales_register_(bn)/item_wise_sales_register_(bn).py,Billing Basis,Abrechnungsgrundlage
apps/bnovate/bnovate/bnovate/report/item_wise_sales_register_(bn)/item_wise_sales_register_(bn).py,Customer Group Parent,Übergeordnete Kundengruppe
apps/bnovate/bnovate/bnovate/report/item_wise_sales_register_(bn)/item_wise_sales_register_(bn).py,Default Discount Percentage,Standardrabatt in %
apps/bnovate/bnovate/bnovate/report/item_wise_sales_register_(bn)/item_wise_sales_register_(bn).py,Revenue Stream Parent,Übergeordneter Umsatzstrom
apps/bnovate/bnovate/bnovate/report/late_purchases/late_purchases.py,Received Qty in Purchase Receipt,Erhaltene Menge im Wareneingang
apps/bnovate/bnovate/bnovate/report/material_request_report/material_request_report.js,Only Unassigned,Nur nicht zugewiesene
apps/bnovate/bnovate/bnovate/report/orders_to_fulfill/orders_to_fulfill.js,Breakbulk,Breakbulk
apps/bnovate/bnovate/bnovate/report/recently_returned_cartridges/recently_returned_cartridges.py,Last DN Customer,Kunde des letzten Lieferscheins
apps/bnovate/bnovate/bnovate/report/recently_returned_cartridges/recently_returned_cartridges.py,Last DN Customer Name,Kundenname des letzten Lieferscheins
apps/bnovate/bnovate/bnovate/report/recently_returned_cartridges/recently_returned_cartridges.py,Owned by Name,Name des Besitzers
apps/bnovate/bnovate/bnovate/report/revenue_analytics_master/revenue_analytics_master.js,Include,Einbeziehen
apps/bnovate/bnovate/bnovate/report/revenue_analytics_master/revenue_analytics_master.js,Revenue Streams,Umsatzströme
apps/bnovate/bnovate/bnovate/report/revenue_analytics_master/revenue_analytics_master.py,Revenue Stream,Umsatzstrom
apps/bnovate/bnovate/bnovate/report/revenue_analytics_master/revenue_analytics_master.py,Stage,Phase
apps/bnovate/bnovate/bnovate/report/work_order_planning/work_order_planning.js,Move down,Nach unten
apps/bnovate/bnovate/bnovate/report/work_order_planning/work_order_planning.js,Move up,Nach oben
apps/bnovate/bnovate/bnovate/utils/__init__.py,Invalid VAT number format. Must start with a two letter country code followed by numbers and letters.,"Ungültiges Format der MwSt-Nummer. Sie muss mit einem zweistelligen Ländercode beginnen, gefolgt von Ziffern und Buchstaben."
apps/bnovate/bnovate/bnovate/utils/__init__.py,"Please check UK VAT numbers on the <a target=""_blank"" href=""https://www.gov.uk/check-uk-vat-number"">UK government website</a>","Bitte prüfen Sie britische MwSt-Nummern auf der <a target=""_blank"" href=""https://www.gov.uk/check-uk-vat-number"">Website der britischen Regierung</a>"
apps/bnovate/bnovate/bnovate/utils/__init__.py,VAT number must contain only letters and numbers. No spaces or special characters.,Die MwSt-Nummer darf nur Buchstaben und Ziffern enthalten. Keine Leerzeichen oder Sonderzeichen.
apps/bnovate/bnovate/bnovate/utils/__init__.py,VAT number must not be empty,Die MwSt-Nummer darf nicht leer sein
apps/bnovate/bnovate/bnovate/utils/controllers.py,Ship date has been changed. Please set 'Date Change Origin' field to indicate the reason for the change.,"Das Versanddatum wurde geändert. Bitte füllen Sie das Feld 'Date Change Origin' aus, um den Grund der Änderung anzugeben."
apps/bnovate/bnovate/bnovate/utils/work_order.py,"End time was automatically set to {0}, based on a default duration of {1} (no prior data for this item).","Die Endzeit wurde automatisch auf {0} gesetzt, basierend auf einer Standarddauer von {1} (keine früheren Daten für diesen Artikel)."
apps/bnovate/bnovate/bnovate/utils/work_order.py,"End time was automatically set to {0}, based on an estimated duration of {1} from prior Work Orders for this item.","Die Endzeit wurde automatisch auf {0} gesetzt, basierend auf einer geschätzten Dauer von {1} aus früheren Arbeitsaufträgen für diesen Artikel."
apps/bnovate/bnovate/bnovate/utils/work_order.py,"Start time was not set, defaulted to 8:00 AM.","Die Startzeit wurde nicht festgelegt, es wurde 8:00 Uhr verwendet."
apps/bnovate/bnovate/bnovate/utils/work_order.py,{0}h {1}m,{0} Std. {1} Min.
apps/bnovate/bnovate/config/bnovate.py,BOM Search (bN),Stücklistensuche (bN)
apps/bnovate/bnovate/config/bnovate.py,BOM Stock Report (bN),Stücklisten-Lagerbericht (bN)
apps/bnovate/bnovate/config/bnovate.py,Batch Report,Chargenbericht
apps/bnovate/bnovate/config/bnovate.py,Breakbulk Invoice Export,Breakbulk-Rechnungsexport
apps/bnovate/bnovate/config/bnovate.py,Breakbulk Shipment Export,Breakbulk-Versandexport
apps/bnovate/bnovate/config/bnovate.py,Definition of the IC Accounting aggregation groups,Definition der Aggregationsgruppen der IC-Buchhaltung
apps/bnovate/bnovate/config/bnovate.py,IC Account Group,IC-Kontengruppe
apps/bnovate/bnovate/config/bnovate.py,IC Accounting,IC-Buchhaltung
apps/bnovate/bnovate/config/bnovate.py,IC Balance Sheet,IC-Bilanz
apps/bnovate/bnovate/config/bnovate.py,IC Profit And Loss Statement,IC-Erfolgsrechnung
apps/bnovate/bnovate/config/bnovate.py,Material Request Report,Materialanfragebericht
apps/bnovate/bnovate/config/bnovate.py,Purchased Items for Quality Control,Eingekaufte Artikel für die Qualitätskontrolle
apps/bnovate/bnovate/config/bnovate.py,Revenue Analytics,Umsatzanalyse
apps/bnovate/bnovate/config/bnovate.py,Weekly Sales,Wöchentlicher Umsatz
apps/bnovate/bnovate/public/js/bnovate_common.js,Error looking up VAT number,Fehler bei der Abfrage der MwSt-Nummer
apps/bnovate/bnovate/public/js/bnovate_common.js,VAT number invalid,MwSt-Nummer ungültig
apps/bnovate/bnovate/public/js/bnovate_common.js,VAT number valid,MwSt-Nummer gültig
apps/bnovate/bnovate/public/js/doctype_includes/accounts_settings.js,Apply Deferred Expense,Rechnungsabgrenzungsposten anwenden
apps/bnovate/bnovate/public/js/doctype_includes/accounts_settings.js,Apply Deferred Revenue,Rechnungsabgrenzung anwenden
apps/bnovate/bnovate/public/js/doctype_includes/contact.js,User ID is already associated with another contact: ,Diese Benutzer-ID ist bereits einem anderen Kontakt zugeordnet: 
apps/bnovate/bnovate/public/js/doctype_includes/customer.js,Orders Awaiting Call-Off,Aufträge mit ausstehendem Abruf
apps/bnovate/bnovate/public/js/doctype_includes/purchase_invoice.js,Deferred Expense Entries,Buchungen der Rechnungsabgrenzungsposten
apps/bnovate/bnovate/public/js/doctype_includes/sales_invoice.js,Deferred Revenue Entries,Buchungen der Rechnungsabgrenzung
apps/bnovate/bnovate/public/js/doctype_includes/supplier.js,You are not authorized to approve suppliers.,"Sie sind nicht berechtigt, Lieferanten zu genehmigen."
apps/bnovate/bnovate/public/js/doctype_includes/supplier.js,You have already approved this supplier.,Sie haben diesen Lieferanten bereits genehmigt.
apps/bnovate/bnovate/public/js/web_includes/wizard_modal.js,"Attach Purchase Order (PDF, optional)","Bestellung anhängen (PDF, optional)"
apps/bnovate/bnovate/public/js/web_includes/wizard_modal.js,"Drag & drop a PDF here, or click to choose a file","PDF hierher ziehen oder klicken, um eine Datei auszuwählen"
apps/bnovate/bnovate/public/js/web_includes/wizard_modal.js,Please attach a PDF file.,Bitte hängen Sie eine PDF-Datei an.
apps/bnovate/bnovate/www/cartridge.py,Cartridge ,Kartusche 
apps/bnovate/bnovate/www/cartridges.html,"Your refill request was created, but the PO file could not be attached. You can try again from the request confirmation page.","Ihre Nachfüllanfrage wurde erstellt, aber die Bestelldatei konnte nicht angehängt werden. Sie können es auf der Bestätigungsseite der Anfrage erneut versuchen."
apps/bnovate/bnovate/www/instrument.py,Instrument ,Instrument 
apps/bnovate/bnovate/www/request.py,No file was uploaded,Es wurde keine Datei hochgeladen
apps/bnovate/bnovate/www/request.py,Only PDF files are allowed,Nur PDF-Dateien sind erlaubt
apps/bnovate/bnovate/www/request.html,Attached Purchase Order,Angehängte Bestellung
apps/bnovate/bnovate/www/docs/refill.html,Addresses can be managed under {0} in the menu.,Adressen können im Menü unter {0} verwaltet werden.
apps/bnovate/bnovate/www/docs/refill.html,Cartridges are refilled at bNovate. You can request a refill for one or several cartridges at once from this portal. This page walks you through the process.,Kartuschen werden bei bNovate nachgefüllt. Über dieses Portal können Sie die Nachfüllung einer oder mehrerer Kartuschen gleichzeitig anfordern. Diese Seite führt Sie Schritt für Schritt durch den Ablauf.
apps/bnovate/bnovate/www/docs/refill.html,"Check the summary. You can add your own order reference (PO number), attach your purchase order as a PDF, and leave remarks for bNovate.","Prüfen Sie die Zusammenfassung. Sie können Ihre eigene Bestellnummer (PO-Nummer) angeben, Ihre Bestellung als PDF anhängen und Bemerkungen für bNovate hinterlassen."
apps/bnovate/bnovate/www/docs/refill.html,Choose the variant,Variante wählen
apps/bnovate/bnovate/www/docs/refill.html,Click {0} to send the request.,"Klicken Sie auf {0}, um die Anfrage zu senden."
apps/bnovate/bnovate/www/docs/refill.html,"Depending on your account, you can only select cartridges that are currently at bNovate. Cartridges that already have a refill request in progress cannot be selected again.","Je nach Konto können Sie nur Kartuschen auswählen, die sich derzeit bei bNovate befinden. Kartuschen mit einer laufenden Nachfüllanfrage können nicht erneut ausgewählt werden."
apps/bnovate/bnovate/www/docs/refill.html,Follow your request,Anfrage verfolgen
apps/bnovate/bnovate/www/docs/refill.html,"For each cartridge, choose the variant it should be refilled with. Use the {0} row to apply the same variant to all cartridges, then click {1}.","Wählen Sie für jede Kartusche die Variante, mit der sie nachgefüllt werden soll. Mit der Zeile {0} wenden Sie dieselbe Variante auf alle Kartuschen an. Klicken Sie dann auf {1}."
apps/bnovate/bnovate/www/docs/refill.html,"If your account is set up to organize returns, bNovate manually verifies each refill request and then generates a return label. You are notified by email as soon as the label is ready.","Wenn Ihr Konto für die Organisation von Rücksendungen eingerichtet ist, prüft bNovate jede Nachfüllanfrage manuell und erstellt anschliessend ein Rücksendeetikett. Sie werden per E-Mail benachrichtigt, sobald das Etikett bereit ist."
apps/bnovate/bnovate/www/docs/refill.html,"If your account is set up to organize returns, you are also asked how many parcels you will send back.","Wenn Ihr Konto für die Organisation von Rücksendungen eingerichtet ist, werden Sie ausserdem gefragt, wie viele Pakete Sie zurücksenden."
apps/bnovate/bnovate/www/docs/refill.html,Open the request,Anfrage öffnen
apps/bnovate/bnovate/www/docs/refill.html,"Open your request from the notification email or from {0}. Once the return label is ready, click {1}.","Öffnen Sie Ihre Anfrage über die Benachrichtigungs-E-Mail oder unter {0}. Sobald das Rücksendeetikett bereit ist, klicken Sie auf {1}."
apps/bnovate/bnovate/www/docs/refill.html,"Open {0} in the menu. The list shows your cartridges and where they are. Tick the cartridges you want to have refilled, then click {1}.","Öffnen Sie {0} im Menü. Die Liste zeigt Ihre Kartuschen und wo sie sich befinden. Wählen Sie die Kartuschen aus, die nachgefüllt werden sollen, und klicken Sie dann auf {1}."
apps/bnovate/bnovate/www/docs/refill.html,Organize the pickup,Abholung organisieren
apps/bnovate/bnovate/www/docs/refill.html,Pick the addresses,Adressen wählen
apps/bnovate/bnovate/www/docs/refill.html,Returning your cartridges,Kartuschen zurücksenden
apps/bnovate/bnovate/www/docs/refill.html,Review and confirm,Prüfen und bestätigen
apps/bnovate/bnovate/www/docs/refill.html,Select the shipping address the refilled cartridges should be delivered to and click {0}. Then select the billing address.,Wählen Sie die Lieferadresse für die nachgefüllten Kartuschen und klicken Sie auf {0}. Wählen Sie anschliessend die Rechnungsadresse.
apps/bnovate/bnovate/www/docs/refill.html,Select your cartridges,Kartuschen auswählen
apps/bnovate/bnovate/www/docs/refill.html,"Your request now appears under {0}. Its status changes from {1} to {2} once bNovate has processed it, and to {3} when your cartridges are on their way back to you.","Ihre Anfrage erscheint nun unter {0}. Ihr Status wechselt von {1} auf {2}, sobald bNovate sie bearbeitet hat, und auf {3}, wenn Ihre Kartuschen auf dem Weg zu Ihnen sind."
apps/bnovate/bnovate/www/docs/refill.html,{0}: check the number of parcels and the pickup address.,{0}: Prüfen Sie die Anzahl der Pakete und die Abholadresse.
apps/bnovate/bnovate/www/docs/refill.html,"{0}: click {1}, choose a date and a time window of at least two hours, add special instructions if needed, then click {2}.","{0}: Klicken Sie auf {1}, wählen Sie ein Datum und ein Zeitfenster von mindestens zwei Stunden, ergänzen Sie bei Bedarf besondere Hinweise und klicken Sie dann auf {2}."
apps/bnovate/bnovate/www/docs/refill.html,{0}: print the label and tape it to the parcel. Use one label per parcel.,{0}: Drucken Sie das Etikett aus und kleben Sie es auf das Paket. Verwenden Sie ein Etikett pro Paket.
apps/bnovate/bnovate/www/docs/refill.py,How to order a refill,So bestellen Sie eine Nachfüllung
apps/bnovate/bnovate/www/helpers.py,Unsupported language,Nicht unterstützte Sprache
apps/bnovate/bnovate/www/pickup.html,Organize Return for {0},Rücksendung organisieren für {0}
apps/bnovate/bnovate/www/pickup.html,I confirm the package will be available on,"Ich bestätige, dass das Paket bereitsteht am"
apps/bnovate/bnovate/www/pickup.html,Pickup is scheduled on,Abholung geplant am
apps/bnovate/bnovate/www/docs/refill.html,Your account is configured by our Customer Service team. Please contact them at {0} if any changes are required.,"Ihr Konto wird von unserem Kundendienst-Team konfiguriert. Bitte wenden Sie sich an {0}, wenn Änderungen erforderlich sind."
apps/bnovate/bnovate/www/docs/refill.html,"If your account is configured to organize returns, you can obtain a return label and schedule the pickup directly from the portal.","Wenn Ihr Konto für die Organisation von Rücksendungen konfiguriert ist, können Sie ein Rücksendeetikett erhalten und die Abholung direkt über das Portal planen."
apps/bnovate/bnovate/www/docs/refill.html,Pickup and delivery must be made to the same address.,Abholung und Lieferung müssen an derselben Adresse erfolgen.
apps/bnovate/bnovate/www/docs/refill.html,"If your account is configured for a central billing address, you cannot change the billing address.","Wenn Ihr Konto mit einer zentralen Rechnungsadresse konfiguriert ist, können Sie die Rechnungsadresse nicht ändern."
apps/bnovate/bnovate/custom/item.json,Requires Deferred Revenue,Rechnungsabgrenzung erforderlich
apps/bnovate/bnovate/custom/item.json,Revenue from this item is deferred. Flags invoice lines so that accounting can compute the deferral separately. Does not use the ERPNext deferred revenue accounting.,"Die Einnahmen dieses Artikels werden abgegrenzt. Markiert Rechnungspositionen, damit die Buchhaltung die Abgrenzung separat berechnen kann. Verwendet nicht die Rechnungsabgrenzung von ERPNext."
apps/bnovate/bnovate/utils/deferral.py,Row {0}: {1} requires deferred revenue. Please set the Service End Date.,Zeile {0}: Für {1} ist eine Rechnungsabgrenzung erforderlich. Bitte legen Sie das Service-Enddatum fest.
apps/bnovate/bnovate/utils/deferral.py,Row {0}: Service End Date cannot be before Service Start Date.,Zeile {0}: Das Service-Enddatum darf nicht vor dem Service-Startdatum liegen.
apps/bnovate/bnovate/report/item_wise_sales_register_(bn)/item_wise_sales_register_(bn).py,Deferred by ERP,Vom ERP abgegrenzt
apps/bnovate/bnovate/public/js/doctype_includes/payment_reminder.js,Attaching invoices...,Rechnungen werden angehängt...
apps/bnovate/bnovate/bnovate/doctype/service_report/service_report.py,"The quotation has a discount of {0}, which was not applied. Please adjust manually.","Das Angebot enthält einen Rabatt von {0}, der nicht übernommen wurde. Bitte manuell anpassen."
apps/bnovate/bnovate/bnovate/doctype/service_report/service_report.py,"Not on quotation {0}, priced according to the price list:","Nicht im Angebot {0}, Preis gemäss Preisliste:"
apps/bnovate/bnovate/bnovate/doctype/service_report/service_report.py,On quotation {0} but not on the Service Report:,"Im Angebot {0}, aber nicht im Servicebericht:"
apps/bnovate/bnovate/public/js/doctype_includes/sales_order.js,Compare to Quotation,Mit Angebot vergleichen
apps/bnovate/bnovate/public/js/doctype_includes/sales_order.js,Please save the document first.,Bitte speichern Sie das Dokument zuerst.
apps/bnovate/bnovate/public/js/doctype_includes/sales_order.js,Select Quotation,Angebot auswählen
apps/bnovate/bnovate/public/js/doctype_includes/sales_order.js,Compare,Vergleichen
apps/bnovate/bnovate/public/js/doctype_includes/sales_order.js,Quotation {0} and Sales Order {1},Angebot {0} und Kundenauftrag {1}
