apps/bnovate/bnovate/bnovate/doctype/connectivity_package/connectivity_package_list.js,View Map,Voir la carte
apps/bnovate/bnovate/bnovate/doctype/connectivity_package/connectivity_package.js,Auto-configure,Auto-configuration
apps/bnovate/bnovate/bnovate/doctype/connectivity_package/connectivity_package.js,Get Instrument SN,Obtenir l'instrument SN
apps/bnovate/bnovate/bnovate/doctype/connectivity_package/connectivity_package.js,Get RMS Info,Obtenir des informations sur le SMR
apps/bnovate/bnovate/bnovate/doctype/storage_location/storage_location_list.js,Find Item,Trouver un article
apps/bnovate/bnovate/bnovate/doctype/subscription_contract/subscription_contract.js,End Date was changed to the next end of billing cycle,La date de fin a été modifiée pour correspondre à la prochaine fin de cycle de facturation.
apps/bnovate/bnovate/bnovate/doctype/subscription_contract/subscription_contract.js,"For 'Product Bundle' items, Warehouse, Serial No and Batch No will be considered from the 'Packing List' table. If Warehouse and Batch No are same for all packing items for any 'Product Bundle' item, those values can be entered in the main Item table, values will be cied to 'Packing List' table.","Pour les articles de l'""ensemble de produits"", l'entrepôt, le numéro de série et le numéro de lot seront pris en compte dans le tableau de la ""liste d'emballage"". Si l'entrepôt et le numéro de lot sont les mêmes pour tous les articles d'emballage d'un ""ensemble de produits"", ces valeurs peuvent être saisies dans le tableau principal de l'article, les valeurs seront transférées dans le tableau ""Liste d'emballage""."
apps/bnovate/bnovate/bnovate/doctype/subscription_contract/subscription_contract.js,Modify / Upgrade,Modifier / Mettre à niveau
apps/bnovate/bnovate/bnovate/doctype/subscription_contract/subscription_contract.js,Planned End Date was changed to the next end of billing cycle,La date de fin planifiée a été remplacée par la prochaine fin de cycle de facturation.
apps/bnovate/bnovate/bnovate/doctype/subscription_contract/subscription_contract.py,End date must be defined.,La date de fin doit être définie.
apps/bnovate/bnovate/bnovate/doctype/subscription_contract/subscription_contract.py,End date must be later than start date.,La date de fin doit être postérieure à la date de début.
apps/bnovate/bnovate/bnovate/doctype/subscription_contract/subscription_contract.py,Please create all invoices up until the chosen end date.,Veuillez créer toutes les factures jusqu'à la date de fin choisie.
apps/bnovate/bnovate/bnovate/page/work_order_execution/items_read.html,Big Label,Grand label
apps/bnovate/bnovate/bnovate/page/work_order_execution/items_read.html,Existing Stock Entries,Entrées de stocks existants
apps/bnovate/bnovate/bnovate/page/work_order_execution/items_read.html,Rating Plate,Plaque d'évaluation
apps/bnovate/bnovate/bnovate/page/work_order_execution/items_read.html,Small Label,Petit label
apps/bnovate/bnovate/bnovate/page/work_order_execution/items_write.html,Additional Consumed Qty,Qté supplémentaire consommée
apps/bnovate/bnovate/bnovate/page/work_order_execution/items_write.html,Batch no is automatically generated.,Le numéro de lot est généré automatiquement.
apps/bnovate/bnovate/bnovate/page/work_order_execution/items_write.html,Batch produced,Lot produit
apps/bnovate/bnovate/bnovate/page/work_order_execution/items_write.html,Serial No produced,Numéro de série produit
apps/bnovate/bnovate/bnovate/page/work_order_execution/items_write.html,Serial no is automatically generated,Le numéro de série est généré automatiquement
apps/bnovate/bnovate/bnovate/page/work_order_execution/time_tracking.html,Start timer,Démarrage de la minuterie
apps/bnovate/bnovate/bnovate/page/work_order_execution/time_tracking.html,Stop timer,Minuterie d'arrêt
apps/bnovate/bnovate/bnovate/page/work_order_execution/work_order_execution.html,BOM no,N° de nomenclature
apps/bnovate/bnovate/bnovate/page/work_order_execution/work_order_execution.html,Expected delivery date,Date de livraison prévue
apps/bnovate/bnovate/bnovate/page/work_order_execution/work_order_execution.html,Item to Manufacture,Article à fabriquer
apps/bnovate/bnovate/bnovate/page/work_order_execution/work_order_execution.html,Quantity Produced,Quantité produite
apps/bnovate/bnovate/bnovate/report/aggregate_invoicing/aggregate_invoicing.js,Show Invoiced Periods,Afficher les périodes facturées
apps/bnovate/bnovate/bnovate/report/aggregate_invoicing/aggregate_invoicing.py,Configuration missing,Configuration manquante
apps/bnovate/bnovate/bnovate/report/aggregate_invoicing/aggregate_invoicing.py,End Billing Period,Fin de la période de facturation
apps/bnovate/bnovate/bnovate/report/aggregate_invoicing/aggregate_invoicing.py,End Subscription,Fin de l'abonnement
apps/bnovate/bnovate/bnovate/report/aggregate_invoicing/aggregate_invoicing.py,"Multiple taxes and charges templates found, using the default template for this customer. Consider creating the invoice by hand.","Plusieurs modèles de taxes et de frais ont été trouvés, en utilisant le modèle par défaut pour ce client. Pensez à créer la facture à la main."
apps/bnovate/bnovate/bnovate/report/aggregate_invoicing/aggregate_invoicing.py,Please define a default sales taxes and charges template for customer group {}.,Veuillez définir un modèle de taxes et de frais de vente par défaut pour le groupe de clients {}.
apps/bnovate/bnovate/bnovate/report/aggregate_invoicing/aggregate_invoicing.py,SINV End Period,SINV Période de fin
apps/bnovate/bnovate/bnovate/report/aggregate_invoicing/aggregate_invoicing.py,SINV Start Period,SINV Période de démarrage
apps/bnovate/bnovate/bnovate/report/aggregate_invoicing/aggregate_invoicing.py,Start Billing / Ship Date,Début de la facturation / Date d'expédition
apps/bnovate/bnovate/bnovate/report/aggregate_invoicing/aggregate_invoicing.py,Start Subscription,Démarrer l'abonnement
apps/bnovate/bnovate/bnovate/report/aggregate_invoicing/aggregate_invoicing.py,Tax Conflict,Conflit fiscal
apps/bnovate/bnovate/bnovate/report/all_on_stock/all_on_stock.py,SNR,SNR
apps/bnovate/bnovate/bnovate/report/ancestry_report/ancestry_report.py,Voucher,Bon
apps/bnovate/bnovate/bnovate/report/cartridge_status/cartridge_status.js,At bNovate only,A bNovate uniquement
apps/bnovate/bnovate/bnovate/report/cartridge_status/cartridge_status.py,Manufacturing Stock Entry,Saisie du stock de fabrication
apps/bnovate/bnovate/bnovate/report/cartridge_status/cartridge_status.py,Order Status,Statut de la commande
apps/bnovate/bnovate/bnovate/report/cartridge_status/cartridge_status.py,Owned by Customer,Propriété du client
apps/bnovate/bnovate/bnovate/report/connected_devices/connected_devices.py,Data Usage [MB],Utilisation des données [MB]
apps/bnovate/bnovate/bnovate/report/connected_devices/connected_devices.py,Device Name,Nom de l'appareil
apps/bnovate/bnovate/bnovate/report/connected_devices/connected_devices.py,Operator,Opérateur
apps/bnovate/bnovate/bnovate/report/connected_devices/connected_devices.py,Package Name,Nom du paquet
apps/bnovate/bnovate/bnovate/report/connected_devices/connected_devices.py,Signal [dBm],Signal [dBm]
apps/bnovate/bnovate/bnovate/report/connected_devices/connected_devices.py,Since date,Depuis cette date
apps/bnovate/bnovate/bnovate/report/connected_devices/connected_devices.py,Transfer doc,Transfert doc
apps/bnovate/bnovate/bnovate/report/deferred_revenue_report/deferred_revenue_report.py,Deferred Amount,Montant différé
apps/bnovate/bnovate/bnovate/report/deferred_revenue_report/deferred_revenue_report.py,Recognized Amount,Montant comptabilisé
apps/bnovate/bnovate/bnovate/report/enclosure_filling_history/enclosure_filling_history.js,Serial no,Numéro de série
apps/bnovate/bnovate/bnovate/report/enclosure_filling_history/enclosure_filling_history.py,Enclosure Serial,Boîtier Série
apps/bnovate/bnovate/bnovate/report/enclosure_filling_history/enclosure_filling_history.py,Expiry date,Date d'expiration
apps/bnovate/bnovate/bnovate/report/enclosure_filling_history/enclosure_filling_history.py,Fill Serial,Remplissage Série
apps/bnovate/bnovate/bnovate/report/enclosure_filling_history/enclosure_filling_history.py,Fill Type,Type de remplissage
apps/bnovate/bnovate/bnovate/report/enclosure_filling_history/enclosure_filling_history.py,Production date,Date de production
apps/bnovate/bnovate/bnovate/report/enclosure_filling_history/enclosure_filling_history.py,STE,STE
apps/bnovate/bnovate/bnovate/report/late_purchases/late_purchases.js,Expected in ... days,Attendu dans les ... jours
apps/bnovate/bnovate/bnovate/report/late_purchases/late_purchases.js,Only stock items,Uniquement les articles en stock
apps/bnovate/bnovate/bnovate/report/late_purchases/late_purchases.py,Expected date,Date prévue
apps/bnovate/bnovate/bnovate/report/late_purchases/late_purchases.py,PO,PO
apps/bnovate/bnovate/bnovate/report/late_purchases/late_purchases.py,Qty total,Qté totale
apps/bnovate/bnovate/bnovate/report/late_purchases/late_purchases.py,Sold item,Objet vendu
apps/bnovate/bnovate/bnovate/report/on_time_delivery_kpis/on_time_delivery_kpis.py,1-2d,1-2d
apps/bnovate/bnovate/bnovate/report/on_time_delivery_kpis/on_time_delivery_kpis.py,3-7d,3-7d
apps/bnovate/bnovate/bnovate/report/on_time_delivery_kpis/on_time_delivery_kpis.py,>7d,>7d
apps/bnovate/bnovate/bnovate/report/on_time_delivery_kpis/on_time_delivery_kpis.py,DN,DN
apps/bnovate/bnovate/bnovate/report/on_time_delivery_kpis/on_time_delivery_kpis.py,Delay,Délai
apps/bnovate/bnovate/bnovate/report/on_time_delivery_kpis/on_time_delivery_kpis.py,On time,A l'heure
apps/bnovate/bnovate/bnovate/report/on_time_delivery_kpis/on_time_delivery_kpis.py,Planned date,Date prévue
apps/bnovate/bnovate/bnovate/report/on_time_delivery_kpis/on_time_delivery_kpis.py,SO,SO
apps/bnovate/bnovate/bnovate/report/on_time_delivery_kpis/on_time_delivery_kpis.py,Shipped date,Date d'expédition
apps/bnovate/bnovate/bnovate/report/open_work_orders_for_lab/open_work_orders_for_lab.py,Qty Remaining,Qté restante
apps/bnovate/bnovate/bnovate/report/order_book/order_book.js,Period Length,Durée de la période
apps/bnovate/bnovate/bnovate/report/order_book/order_book.py,Expected Billing,Facturation prévue
apps/bnovate/bnovate/bnovate/report/order_book/order_book.py,Qty Delivered,Qté livrée
apps/bnovate/bnovate/bnovate/report/order_book/order_book.py,SO date,Date de l'OS
apps/bnovate/bnovate/bnovate/report/order_book/order_book.py,Total Expected Revenue,Recettes totales attendues
apps/bnovate/bnovate/bnovate/report/orders_to_fulfill/orders_to_fulfill.js,Include Drafts,Inclure les projets
apps/bnovate/bnovate/bnovate/report/orders_to_fulfill/orders_to_fulfill.js,Only manufactured items,Uniquement les produits manufacturés
apps/bnovate/bnovate/bnovate/report/orders_to_fulfill/orders_to_fulfill.py,Go?,OK?
apps/bnovate/bnovate/bnovate/report/orders_to_fulfill/orders_to_fulfill.py,Item code,Code de l'article
apps/bnovate/bnovate/bnovate/report/orders_to_fulfill/orders_to_fulfill.py,Item group,Groupe d'articles
apps/bnovate/bnovate/bnovate/report/orders_to_fulfill/orders_to_fulfill.py,Qty Ordered,Qté commandée
apps/bnovate/bnovate/bnovate/report/orders_to_fulfill/orders_to_fulfill.py,Ship date,Date d'envoi
apps/bnovate/bnovate/bnovate/report/payment_entry_accounts/payment_entry_accounts.py,PE,PE
apps/bnovate/bnovate/bnovate/report/payment_entry_accounts/payment_entry_accounts.py,PINV,PINV
apps/bnovate/bnovate/bnovate/report/portal_users/portal_users.py,Has Cartridge Portal,A le portail des cartouches
apps/bnovate/bnovate/bnovate/report/portal_users/portal_users.py,Is Primary Customer,Est le client principal
apps/bnovate/bnovate/bnovate/report/projected_stock/projected_stock.js,Include SO Drafts,Inclure les projets d'OC
apps/bnovate/bnovate/bnovate/report/projected_stock/projected_stock.js,Include WO Drafts,Inclure les projets d'OT
apps/bnovate/bnovate/bnovate/report/projected_stock/projected_stock.py,Docname,Nom du document
apps/bnovate/bnovate/bnovate/report/projected_stock/projected_stock.py,Doctype,Doctype
apps/bnovate/bnovate/bnovate/report/projected_stock/projected_stock.py,Guaranteed Quantity,Quantité garantie
apps/bnovate/bnovate/bnovate/report/projected_stock/projected_stock.py,Projected Quantity,Quantité prévue
apps/bnovate/bnovate/bnovate/report/shipping_and_billing_history/shipping_and_billing_history.py,Shipped item,Article expédié
apps/bnovate/bnovate/bnovate/report/shipping_and_billing_history/shipping_and_billing_history.py,Sold rate,Taux de vente
apps/bnovate/bnovate/bnovate/report/stored_cartridges/stored_cartridges.py,Last Customer,Dernier client
apps/bnovate/bnovate/bnovate/report/stored_cartridges/stored_cartridges.py,Last Customer Name,Nom du client
apps/bnovate/bnovate/bnovate/report/stored_cartridges/stored_cartridges.py,Owned by Customer Name,Propriété du client Nom du client
apps/bnovate/bnovate/bnovate/report/subscription_timeline/subscription_timeline.js,Show only reminders,Afficher uniquement les rappels
apps/bnovate/bnovate/bnovate/report/subscription_timeline/subscription_timeline.py,Item Rate,Taux de l'article
apps/bnovate/bnovate/bnovate/report/subscription_timeline/subscription_timeline.py,Renewal Reminder From,Rappel de renouvellement
apps/bnovate/bnovate/bnovate/report/weekly_kpi/weekly_kpi.py,Cum. instruments,Instruments cumulatifs
apps/bnovate/bnovate/bnovate/report/weekly_kpi/weekly_kpi.py,Cum. orders,Commandes cumulées
apps/bnovate/bnovate/bnovate/report/weekly_kpi/weekly_kpi.py,Instruments,Instruments
apps/bnovate/bnovate/bnovate/report/weekly_kpi/weekly_kpi.py,Orders confirmed,Commandes confirmées
apps/bnovate/bnovate/bnovate/report/work_order_planning/work_order_planning.js,Simple View,Vue simple
apps/bnovate/bnovate/bnovate/report/work_order_planning/work_order_planning.py,Delivery date,Date de livraison
apps/bnovate/bnovate/bnovate/utils/dashboards.py,Add-ons,Compléments
apps/bnovate/bnovate/bnovate/utils/dashboards.py,Storage,Stockage
apps/bnovate/bnovate/config/bnovate.py,Aggregate Invoicing,Facturation globale
apps/bnovate/bnovate/config/bnovate.py,Bulk upload scanned purchase invoices,Téléchargement en masse de factures d'achat numérisées
apps/bnovate/bnovate/config/bnovate.py,Cartridge Return,Retour de la cartouche
apps/bnovate/bnovate/config/bnovate.py,Cartridge Status,État de la cartouche
apps/bnovate/bnovate/config/bnovate.py,Cartridge Tools,Outils pour cartouches
apps/bnovate/bnovate/config/bnovate.py,Confirm return of cartridges,Confirmer le retour des cartouches
apps/bnovate/bnovate/config/bnovate.py,Connected Device Map,Carte des appareils connectés
apps/bnovate/bnovate/config/bnovate.py,Connectivity Package,Kit de connectivité
apps/bnovate/bnovate/config/bnovate.py,Customers requesting refills through Portal,Clients demandant des recharges par l'intermédiaire du portail
apps/bnovate/bnovate/config/bnovate.py,Deferred Revenue Report,Rapport sur les recettes différées
apps/bnovate/bnovate/config/bnovate.py,Enclosure Filling History,Historique du remplissage des enceintes
apps/bnovate/bnovate/config/bnovate.py,Enclosure Movement History,Historique du mouvement de clôture
apps/bnovate/bnovate/config/bnovate.py,Execution page for work orders,Page d'exécution des ordres de travail
apps/bnovate/bnovate/config/bnovate.py,General Ledger for Export (FRe),Grand livre pour l'exportation (FRe)
apps/bnovate/bnovate/config/bnovate.py,Information about connected devices,Informations sur les appareils connectés
apps/bnovate/bnovate/config/bnovate.py,IoT,IdO
apps/bnovate/bnovate/config/bnovate.py,KPIs,ICP
apps/bnovate/bnovate/config/bnovate.py,Kontrolle MwSt,Kontrolle MwSt
apps/bnovate/bnovate/config/bnovate.py,Late Purchases,Achats tardifs
apps/bnovate/bnovate/config/bnovate.py,On Time Delivery KPIs,Indicateurs de performance en matière de respect des délais
apps/bnovate/bnovate/config/bnovate.py,Open Work Orders for Lab,Ordres de travail ouverts pour le laboratoire
apps/bnovate/bnovate/config/bnovate.py,Order Book,Carnet de commande
apps/bnovate/bnovate/config/bnovate.py,Order Tracking,Suivi des commandes
apps/bnovate/bnovate/config/bnovate.py,Orders to Fulfill,Commandes à exécuter
apps/bnovate/bnovate/config/bnovate.py,PINV uploader,Chargeur PINV
apps/bnovate/bnovate/config/bnovate.py,Portal Users,Utilisateurs du portail
apps/bnovate/bnovate/config/bnovate.py,Production Tracking,Suivi de la production
apps/bnovate/bnovate/config/bnovate.py,Projected Stock,Stock projeté
apps/bnovate/bnovate/config/bnovate.py,Shipping And Billing History,Historique de l'expédition et de la facturation
apps/bnovate/bnovate/config/bnovate.py,Storage Location,Lieu de stockage
apps/bnovate/bnovate/config/bnovate.py,Storage Locations,Lieux de stockage
apps/bnovate/bnovate/config/bnovate.py,Subscription Contract,Contrat d'abonnement
apps/bnovate/bnovate/config/bnovate.py,Subscriptions and service contracts,Abonnements et contrats de service
apps/bnovate/bnovate/config/bnovate.py,Switzerland,Suisse
apps/bnovate/bnovate/config/bnovate.py,Weekly KPI,ICP hebdomadaire
apps/bnovate/bnovate/config/bnovate.py,Work Order Execution,Exécution des ordres de travail
apps/bnovate/bnovate/config/bnovate.py,Work Order Planning,Planification des ordres de travail
apps/bnovate/bnovate/config/bnovate.py,Worktime Overview,Aperçu du temps de travail
apps/bnovate/bnovate/config/bnovate.py,Worktime Settings,Paramètres du temps de travail
apps/bnovate/bnovate/config/desktop.py,bNovate,bNovate
apps/bnovate/bnovate/public/js/doctype_includes/contact.js,User ID is already associated with another contact:,L'ID de l'utilisateur est déjà associé à un autre contact :
apps/bnovate/bnovate/public/js/doctype_includes/contact.js,User ID is already associated with another contact:,L'ID de l'utilisateur est déjà associé à un autre contact :
apps/bnovate/bnovate/public/js/doctype_includes/delivery_note.js,Aggregate Invoice,Facture globale
apps/bnovate/bnovate/public/js/doctype_includes/delivery_note.js,Confirm Shipment,Confirmer l'envoi
apps/bnovate/bnovate/public/js/doctype_includes/delivery_note.js,Request Pickup,Demande d'enlèvement
apps/bnovate/bnovate/public/js/iot.js,Connecting...,Connexion...
apps/bnovate/bnovate/public/js/iot.js,Error initializing connection,Erreur d'initialisation de la connexion
apps/bnovate/bnovate/public/js/iot.js,Starting session...,Démarrage de la session...
apps/bnovate/bnovate/www/cartridges.html,Nothing to display.,Rien à afficher.
apps/bnovate/bnovate/www/cartridges.html,Select cartridges,Sélectionner les cartouches
apps/bnovate/bnovate/www/cartridges.html,"Select the cartridges you wish to refill. If none of your cartridges are at bNovate, you cannot order a refill.","Sélectionnez les cartouches que vous souhaitez recharger. Si aucune de vos cartouches ne se trouve chez bNovate, vous ne pouvez pas commander de recharge."
apps/bnovate/bnovate/www/connect.html,Configure BactoLink,Configurer BactoLink
apps/bnovate/bnovate/www/connect.html,Configure BactoSense,Configurer BactoSense
apps/bnovate/bnovate/www/connect.html,Connect,Connecter
apps/bnovate/bnovate/www/connect.html,Connect BactoLink,Connecter BactoLink
apps/bnovate/bnovate/www/connect.html,Connect Hardware,Connecter le matériel
apps/bnovate/bnovate/www/connect.html,Friendly Name,Nom amical
apps/bnovate/bnovate/www/connect.html,Serial Number,Numéro de série
apps/bnovate/bnovate/www/connect.py,Detecting Instrument...,Instrument de détection...
apps/bnovate/bnovate/www/connect.py,Detecting SN...,Détecter les SN...
apps/bnovate/bnovate/www/connect.py,HTTPS not available,HTTPS non disponible
apps/bnovate/bnovate/www/connect.py,Link is Offline,Le lien est hors ligne
apps/bnovate/bnovate/www/connect.py,No serial number found,Aucun numéro de série n'a été trouvé
apps/bnovate/bnovate/www/connect.py,Serial No does not match a known instrument,Le numéro de série ne correspond pas à un instrument connu
apps/bnovate/bnovate/www/connect.py,Unauthorized,Non autorisé
apps/bnovate/bnovate/www/connect.py,Unregistered serial number,Numéro de série non enregistré
apps/bnovate/bnovate/www/connect.py,Verifying Gateway...,Vérification de la passerelle...
apps/bnovate/bnovate/www/index.html,Quick Connect,Connexion rapide
apps/bnovate/bnovate/www/index.py,Portal Home,Accueil du portail
apps/bnovate/bnovate/www/instruments.html,My Instruments,Mes instruments
apps/bnovate/bnovate/www/instruments.html,Initialize a BactoLink,Initialiser un BactoLink
apps/bnovate/bnovate/www/instruments.html,Service Agreement,Accord de service
apps/bnovate/bnovate/www/instruments.html,Touch UI,Touch UI
apps/bnovate/bnovate/www/instruments.html,Warranty Until,Garantie jusqu'à
apps/bnovate/bnovate/www/instruments.html,Web UI,Web UI
apps/bnovate/bnovate/www/internal/storage.html,Slot,Emplacement
apps/bnovate/bnovate/www/my_addresses.html,Address Details,Détails de l'adresse
apps/bnovate/bnovate/www/my_addresses.html,Delete this address?,Supprimer cette adresse ?
apps/bnovate/bnovate/www/request.py,You cannot order to this billing address,Vous ne pouvez pas commander à cette adresse de facturation
apps/bnovate/bnovate/www/request.py,You cannot order to this shipping address,Vous ne pouvez pas commander à cette adresse de livraison
apps/bnovate/bnovate/www/requests.html,Request date,Date de la demande
apps/bnovate/bnovate/bnovate/doctype/connectivity_package/connectivity_package.js,Adding device...,Ajout d'un dispositif...
apps/bnovate/bnovate/bnovate/doctype/connectivity_package/connectivity_package.js,Please ensure the device is online first,Assurez-vous d'abord que l'appareil est en ligne
apps/bnovate/bnovate/bnovate/doctype/connectivity_package/connectivity_package.js,Register device to RMS,Enregistrer l'appareil à RMS
apps/bnovate/bnovate/bnovate/doctype/connectivity_package/connectivity_package.js,Set admin password,Définir le mot de passe administrateur
apps/bnovate/bnovate/bnovate/doctype/connectivity_package/connectivity_package.js,Setting password...,Réglage du mot de passe...
apps/bnovate/bnovate/bnovate/doctype/connectivity_package/connectivity_package.js,View Data Usage,Voir l'utilisation des données
apps/bnovate/bnovate/bnovate/doctype/custom_shipping_rule/custom_shipping_rule.py,No 'Fixed Exchange Rate' from shipping list currency {0} to document currency {1},"Pas de ""taux de change fixe"" entre la devise de la liste d'expédition {0} et la devise du document {1}."
apps/bnovate/bnovate/bnovate/report/cartridge_status/cartridge_status.py,Shelf,Étagère
apps/bnovate/bnovate/bnovate/report/connected_devices/connected_devices.py,CTD Data Usage [MB],Utilisation des données CTD [MB]
apps/bnovate/bnovate/bnovate/report/connectivity_data_usage/connectivity_data_usage.js,Sum by month,Somme par mois
apps/bnovate/bnovate/bnovate/report/connectivity_data_usage/connectivity_data_usage.py,MAX Usage [MB],MAX Data [MB]
apps/bnovate/bnovate/bnovate/report/connectivity_data_usage/connectivity_data_usage.py,MEAN Usage [MB],MOYENNE Data [MB]
apps/bnovate/bnovate/bnovate/report/connectivity_data_usage/connectivity_data_usage.py,Period End,Fin de la période
apps/bnovate/bnovate/bnovate/report/connectivity_data_usage/connectivity_data_usage.py,Period Start,Début de la période
apps/bnovate/bnovate/bnovate/report/connectivity_data_usage/connectivity_data_usage.py,SUM Usage [MB],SUM Data [MB]
apps/bnovate/bnovate/bnovate/report/orders_to_fulfill/orders_to_fulfill.py,WK,SEM
apps/bnovate/bnovate/bnovate/report/work_order_planning/work_order_planning.js,New Delivery Date,Nouvelle date de livraison
apps/bnovate/bnovate/bnovate/report/work_order_planning/work_order_planning.js,New Start Date,Nouvelle date de début
apps/bnovate/bnovate/bnovate/report/work_order_planning/work_order_planning.js,Show Chart,Afficher le graphique
apps/bnovate/bnovate/bnovate/report/work_order_planning/work_order_planning.py,BOM Description,Description de la nomenclature
apps/bnovate/bnovate/bnovate/utils/iot_apis.py,Could not fetch valid status from the instrument,Impossible d'obtenir un état valide de l'instrument
apps/bnovate/bnovate/bnovate/utils/iot_apis.py,Initiating request...,Initialisation de la demande...
apps/bnovate/bnovate/config/bnovate.py,Data Usage,Utilisation des données
apps/bnovate/bnovate/config/bnovate.py,Fixed Currency Exchange,Taux de change fixe
apps/bnovate/bnovate/config/bnovate.py,"Long-term currency exchange rates, used for shipping rates","Taux de change à long terme, utilisés pour les tarifs d'expédition"
apps/bnovate/bnovate/config/bnovate.py,Shipping Rules for bNovate,Règles d'expédition pour bNovate
apps/bnovate/bnovate/public/js/doctype_includes/contact.js,User ID is already associated with another contact:,L'ID de l'utilisateur est déjà associé à un autre contact :
apps/bnovate/bnovate/public/js/doctype_includes/material_request.js,Work Order (select items),Ordre de fabrication (sélectionner les éléments)
apps/bnovate/bnovate/public/js/iot.js,Starting session....,Démarrage de la session....
apps/bnovate/bnovate/public/js/web_includes/helpers.js,Cartridge Expiry,Expiration de la cartouche
apps/bnovate/bnovate/public/js/web_includes/helpers.js,Cartridge Level,Niveau de la cartouche
apps/bnovate/bnovate/public/js/web_includes/helpers.js,Cartridge Serial No,Numéro de série de la cartouche
apps/bnovate/bnovate/public/js/web_includes/helpers.js,Fill Serial No,Numéro de remplissage
apps/bnovate/bnovate/public/js/web_includes/helpers.js,Service: Due Date,Service : Date d'échéance
apps/bnovate/bnovate/public/js/web_includes/helpers.js,Service: Wear Parts Lifetime Remaining,Service : Durée de vie pièces d'usure
apps/bnovate/bnovate/www/instruments.html,GUI Relay,Relais GUI
apps/bnovate/bnovate/www/scan.py,Health Scan,Scan Santé
apps/bnovate/bnovate/bnovate/report/aggregate_invoicing/aggregate_invoicing.js,Ignore Stopped,Cacher contrats terminés
apps/bnovate/bnovate/bnovate/report/connectivity_data_usage/connectivity_data_usage.py,Period Start,Début de la période
apps/bnovate/bnovate/public/js/doctype_includes/contact.js,User ID is already associated with another contact:,L'ID de l'utilisateur est déjà associé à un autre contact :
apps/bnovate/bnovate/www/cartridges.html,Shipped To,Expédié à
apps/bnovate/bnovate/www/index.html,You do not have any BactoLinks.,Vous n'avez aucun BactoLink.
apps/bnovate/bnovate/www/index.html,You have not requested any refills.,Vous n'avez fait aucune demande de remplissage.
apps/bnovate/bnovate/www/my_addresses.html,Email Notifications,Email pour notifications
apps/bnovate/bnovate/www/my_addresses.html,"Split addresses with comma: first@example.com, second@example.com","Séparez les adresses par une virgule: first@example.com, second@example.com"
apps/bnovate/bnovate/bnovate/report/connectivity_data_usage/connectivity_data_usage.py,Period Start,Début de la période
apps/bnovate/bnovate/bnovate/report/weekly_sales/weekly_sales.js,Only current year,Uniquement année en cours
apps/bnovate/bnovate/bnovate/report/weekly_sales/weekly_sales.py,Instrument Qty,Instrument Qté
apps/bnovate/bnovate/bnovate/report/weekly_sales/weekly_sales.py,Instrument Qty YTD,Instrument Qté YTD
apps/bnovate/bnovate/bnovate/report/weekly_sales/weekly_sales.py,Instruments & Cartridges {0},Instruments et cartouches {0}
apps/bnovate/bnovate/bnovate/report/weekly_sales/weekly_sales.py,Refills {0},Recharges {0}
apps/bnovate/bnovate/bnovate/report/weekly_sales/weekly_sales.py,Service {0},Service {0}
apps/bnovate/bnovate/bnovate/report/weekly_sales/weekly_sales.py,Total {0},Total {0}
apps/bnovate/bnovate/bnovate/report/weekly_sales/weekly_sales.py,Total {0} YTD,Total {0} YTD
apps/bnovate/bnovate/bnovate/utils/shipping.py,Checking addresses...,Vérification des adresses...
apps/bnovate/bnovate/bnovate/utils/shipping.py,Declaring contents...,Déclaration du contenu...
apps/bnovate/bnovate/bnovate/utils/shipping.py,Delivery country must be the same as Bill country,Le pays de livraison doit être le même que le pays de facturation
apps/bnovate/bnovate/bnovate/utils/shipping.py,Getting documents...,Téléchargement des documents...
apps/bnovate/bnovate/bnovate/utils/shipping.py,Please specify types of parcel,Veuillez préciser les types de packets
apps/bnovate/bnovate/bnovate/utils/shipping.py,Requesting pickup...,Demande de prise en charge...
apps/bnovate/bnovate/public/js/doctype_includes/address.js,Check Address,Vérifier l'adresse
apps/bnovate/bnovate/public/js/doctype_includes/address.js,Please save document first,Veuillez d'abord enregistrer le document
apps/bnovate/bnovate/public/js/doctype_includes/contact.js,User ID is already associated with another contact:,L'ID de l'utilisateur est déjà associé à un autre contact :
apps/bnovate/bnovate/public/js/doctype_includes/delivery_note.js,Confirm Pickup Date,Confirmer la date d'enlèvement
apps/bnovate/bnovate/public/js/doctype_includes/delivery_note.js,Creating shipment...,Création de l'envoi
apps/bnovate/bnovate/public/js/doctype_includes/delivery_note.js,Pickup Date,Date d'enlèvement
apps/bnovate/bnovate/public/js/doctype_includes/delivery_note.js,Request DHL Pickup,Demande d'enlèvement DHL
apps/bnovate/bnovate/public/js/doctype_includes/delivery_note.js,Ship with DHL,Expédier avec DHL
apps/bnovate/bnovate/public/js/doctype_includes/delivery_note.js,Shipment,Expédition
apps/bnovate/bnovate/public/js/doctype_includes/delivery_note.js,Shipping Label,Étiquette d'expédition
apps/bnovate/bnovate/public/js/doctype_includes/delivery_note.js,The customer will organize shipping,Le client organisera l'expédition
apps/bnovate/bnovate/public/js/doctype_includes/delivery_note.js,We organize shipping for this order,Nous organisons l'expédition de cette commande
apps/bnovate/bnovate/public/js/doctype_includes/sales_order.js,Billing address is not valid,L'adresse de facturation n'est pas valide
apps/bnovate/bnovate/public/js/doctype_includes/sales_order.js,Shipping address is not valid,L'adresse de livraison n'est pas valide
apps/bnovate/bnovate/public/js/doctype_includes/shipment.js,Cancel pickup URL,Lien d'annulation d'enlèvement
apps/bnovate/bnovate/public/js/doctype_includes/shipment.js,Create Shipment AND Pickup,Créer un envoi AVEC enlèvement
apps/bnovate/bnovate/public/js/doctype_includes/shipment.js,Create Shipment NO Pickup,Créer un envoi SANS d'enlèvement
apps/bnovate/bnovate/public/js/doctype_includes/shipment.js,Finalize DN,Finaliser DN
apps/bnovate/bnovate/public/js/doctype_includes/shipment.js,Get Estimate,Obtenir un devis
apps/bnovate/bnovate/public/js/doctype_includes/shipment.js,Labels,Étiquettes
apps/bnovate/bnovate/public/js/doctype_includes/shipment.js,Please specify parcels.,Veuillez préciser les packets.
apps/bnovate/bnovate/public/js/doctype_includes/shipment.js,Tracking URL,Lien de suivi
apps/bnovate/bnovate/public/js/shipping.js,Address is deliverable,L'adresse est livrable
apps/bnovate/bnovate/public/js/web_includes/wizard_modal.js,Last Shipped To,Dernier envoi à
apps/bnovate/bnovate/www/cartridges.html,"If none of your cartridges are at bNovate, you cannot order a refill.","Si aucune de vos cartouches ne se trouve chez bNovate, vous ne pouvez pas commander de recharge."
apps/bnovate/bnovate/www/cartridges.html,You may only select cartridges with no ongoing refill requests.,Vous ne pouvez sélectionner que des cartouches ne faisant pas l'objet d'une demande de recharge permanente.
apps/bnovate/bnovate/www/helpers.py,Our carrier can't ship to this address. Please check Postal Code.,Notre transporteur ne peut pas livrer à cette adresse. Veuillez vérifier le code postal.
apps/bnovate/bnovate/www/my_addresses.html,"You can only edit shipping addresses. To change your billing address, contact sales@bnovate.com.","Vous ne pouvez modifier que les adresses de livraison. Pour modifier votre adresse de facturation, contactez sales@bnovate.com."
apps/bnovate/bnovate/www/request.html,A return shipping label is available.,Une étiquette de retour est disponible.
apps/bnovate/bnovate/www/request.html,Print Return Label,Imprimer l'étiquette de retour
apps/bnovate/bnovate/www/request.html,The request will be confirmed once all cartridges are received at bNovate,La demande sera confirmée une fois que toutes les cartouches auront été reçues par bNovate.
apps/bnovate/bnovate/bnovate/doctype/connectivity_package/connectivity_package.js,Allowed Users,Utilisateurs autorisés
apps/bnovate/bnovate/bnovate/doctype/refill_request/refill_request.js,Unlink Shipment,Délier l'envoi
apps/bnovate/bnovate/bnovate/doctype/service_report/service_report.js,Billing skipped,Facturation annulée/ suspendue
apps/bnovate/bnovate/bnovate/doctype/service_report/service_report.js,Ignore Billing,Ignorer la facturation
apps/bnovate/bnovate/bnovate/page/cartridge_return/cartridge_return.js,Routing Label,Étiquette de routage
apps/bnovate/bnovate/bnovate/page/work_order_execution/time_tracking.html,Assign to Prod,Affecter à Prod
apps/bnovate/bnovate/bnovate/page/work_order_execution/time_tracking.html,Assign to QC,Assigner au QC
apps/bnovate/bnovate/bnovate/page/work_order_execution/work_order_execution.html,Quality Control Required,Contrôle de qualité requis
apps/bnovate/bnovate/bnovate/report/accounts_receivable_(bn)/accounts_receivable_(bn).js,Status Date,Statut Date
apps/bnovate/bnovate/bnovate/report/aggregate_invoicing/aggregate_invoicing.py,Incoterm Conflict,Conflit incoterm
apps/bnovate/bnovate/bnovate/report/aggregate_invoicing/aggregate_invoicing.py,Multiple incoterms found. Please set them manually or consider invoicing separately.,Plusieurs incoterms ont été trouvés. Veuillez les définir manuellement ou envisager une facturation séparée.
apps/bnovate/bnovate/bnovate/report/cartridge_status/cartridge_status.py,Compatibility,Compatibilité
apps/bnovate/bnovate/bnovate/report/connectivity_data_usage/connectivity_data_usage.py,Period Start,Début de la période
apps/bnovate/bnovate/bnovate/report/enclosure_filling_history/enclosure_filling_history.py,Analysis Certificate,Certificat d'analyse
apps/bnovate/bnovate/bnovate/report/enclosure_filling_history/enclosure_filling_history.py,Fill Item,Remplir l'article
apps/bnovate/bnovate/bnovate/report/enclosure_filling_history/enclosure_filling_history.py,Fill Name,Remplir le nom
apps/bnovate/bnovate/bnovate/report/item_wise_purchase_register_(bn)/item_wise_purchase_register_(bn).py,Amount in Company Currency,Montant en devise de l'entreprise
apps/bnovate/bnovate/bnovate/report/item_wise_purchase_register_(bn)/item_wise_purchase_register_(bn).py,Subsidy,Subvention
apps/bnovate/bnovate/bnovate/report/item_wise_sales_register_(bn)/item_wise_sales_register_(bn).py,Company Currency,Devise de l'entreprise
apps/bnovate/bnovate/bnovate/report/item_wise_sales_register_(bn)/item_wise_sales_register_(bn).py,Doc Currency,Devise Doc
apps/bnovate/bnovate/bnovate/report/item_wise_sales_register_(bn)/item_wise_sales_register_(bn).py,Net Amount in Company Currency,Montant net dans la devise de l'entreprise
apps/bnovate/bnovate/bnovate/report/item_wise_sales_register_(bn)/item_wise_sales_register_(bn).py,Net Rate in Company Currency,Taux net dans la devise de l'entreprise
apps/bnovate/bnovate/bnovate/report/item_wise_sales_register_(bn)/item_wise_sales_register_(bn).py,Territory Parent,Territoire Parent
apps/bnovate/bnovate/bnovate/report/portal_users/portal_users.py,Teltonika Serial,No de Série Teltonika
apps/bnovate/bnovate/bnovate/report/work_order_planning/work_order_planning.py,Mean Minutes per Unit,Moyenne des minutes par unité
apps/bnovate/bnovate/bnovate/report/work_order_planning/work_order_planning.py,Time Estimate,Estimation du temps
apps/bnovate/bnovate/bnovate/utils/__init__.py,Error in translation: {0},Erreur de traduction : {0}
apps/bnovate/bnovate/bnovate/utils/__init__.py,"Please check UK EORI numbers on the <a target=""_blank"" href=""https://www.tax.service.gov.uk/check-eori-number"">UK government website</a>","Veuillez vérifier les numéros EORI du Royaume-Uni sur le <a target=""_blank"" href=""https://www.tax.service.gov.uk/check-eori-number"">site web du gouvernement britannique</a>."
apps/bnovate/bnovate/bnovate/utils/shipping.py,Cancelling pickup...,Annulation de l'enlèvement...
apps/bnovate/bnovate/bnovate/utils/shipping.py,Only returns to Switzerland are supported at this stage,"À ce stade, seuls les retours en Suisse sont pris en charge"
apps/bnovate/bnovate/bnovate/utils/shipping.py,Updating...,Mise à jour...
apps/bnovate/bnovate/config/bnovate.py,Accounts Payable (bN),Comptes fournisseurs (bN)
apps/bnovate/bnovate/config/bnovate.py,Accounts Receivable (bN),Comptes débiteurs (bN)
apps/bnovate/bnovate/config/bnovate.py,General Ledger for Export (bN),Grand livre pour l'exportation (bN)
apps/bnovate/bnovate/config/bnovate.py,Item-wise Purchase Register (bN),Registre des achats par article (bN)
apps/bnovate/bnovate/config/bnovate.py,Item-wise Sales History (bN),Historique des ventes par article (bN)
apps/bnovate/bnovate/config/bnovate.py,Item-wise Sales Register (bN),Registre des ventes par article (bN)
apps/bnovate/bnovate/config/bnovate.py,Party Ledger per Month,Grand livre des partis par mois
apps/bnovate/bnovate/config/bnovate.py,Service & Support,Service et assistance
apps/bnovate/bnovate/config/bnovate.py,Service Report,Rapport de service
apps/bnovate/bnovate/config/bnovate.py,Supply Tracking,Suivi de l'approvisionnement
apps/bnovate/bnovate/public/js/bnovate_common.js,EORI invalid,EORI non valide
apps/bnovate/bnovate/public/js/bnovate_common.js,EORI valid,EORI valide
apps/bnovate/bnovate/public/js/doctype_includes/contact.js,User ID is already associated with another contact:,L'ID de l'utilisateur est déjà associé à un autre contact :
apps/bnovate/bnovate/public/js/doctype_includes/delivery_note.js,Confirm Label Format,Confirmer le format de l'étiquette
apps/bnovate/bnovate/public/js/doctype_includes/delivery_note.js,Create return label?,Créer une étiquette de retour ?
apps/bnovate/bnovate/public/js/doctype_includes/delivery_note.js,Label Size,Taille de l'étiquette
apps/bnovate/bnovate/public/js/doctype_includes/delivery_note.js,Pickup From,Prise en charge à partir de
apps/bnovate/bnovate/public/js/doctype_includes/delivery_note.js,Please enter dimensions and number of Parcels.,Veuillez indiquer les dimensions et le nombre de colis.
apps/bnovate/bnovate/public/js/doctype_includes/delivery_note.js,Return Label,Étiquette de retour
apps/bnovate/bnovate/public/js/doctype_includes/delivery_note.js,Return Shipment,Retour de marchandise
apps/bnovate/bnovate/public/js/doctype_includes/delivery_note.js,Shipping is organized manually on this order,L'expédition est organisée manuellement sur cette commande
apps/bnovate/bnovate/public/js/doctype_includes/delivery_note.js,This order can be shipped automatically with DHL,Cette commande peut être expédiée automatiquement par DHL.
apps/bnovate/bnovate/public/js/doctype_includes/quotation.js,Are these translations suitable?<br><p><b>Item Name:</b></p> <p>{0}<p> <p><b>Description:</b><p> <p>{1}</p>,Ces traductions conviennent-elles ? <br><p><b>Nom de l'article:</b></p> <p>{0}<p> <p><b>Description:</b><p> <p>{1}</p>
apps/bnovate/bnovate/public/js/doctype_includes/shipment.js,Cancel Pickup,Annuler le ramassage
apps/bnovate/bnovate/public/js/doctype_includes/shipment.js,Confirm Cancellation,Confirmer l'annulation
apps/bnovate/bnovate/public/js/doctype_includes/shipment.js,Copy to RR,Copie au RR
apps/bnovate/bnovate/public/js/doctype_includes/shipment.js,Do not cancel,Ne pas annuler
apps/bnovate/bnovate/public/js/doctype_includes/shipment.js,Update Tracking,Mise à jour du suivi
apps/bnovate/bnovate/public/js/web_includes/wizard_modal.js,How many parcels are you sending?,Combien de colis envoyez-vous ?
apps/bnovate/bnovate/public/js/web_includes/wizard_modal.js,One parcel can contain several cartridges. We will create one return label per parcel.,Un colis peut contenir plusieurs cartouches. Nous créons une étiquette de retour par colis.
apps/bnovate/bnovate/public/js/web_includes/wizard_modal.js,Parcel Count,Nombre de colis
apps/bnovate/bnovate/www/cartridge.html,Production Date,Date de production
apps/bnovate/bnovate/www/cartridge.py,Cartridge,Cartouche
apps/bnovate/bnovate/www/instrument.html,Installation,Installation
apps/bnovate/bnovate/www/instrument.html,Intervention Date,Date d'intervention
apps/bnovate/bnovate/www/instrument.html,Reason for visit,Motif de la visite
apps/bnovate/bnovate/www/instrument.html,Report Intervention,Rapport d'intervention
apps/bnovate/bnovate/www/instrument.html,Service History,Historique de l'entretien
apps/bnovate/bnovate/www/instrument.html,Software Upgrade,Mise à jour du logiciel
apps/bnovate/bnovate/www/instrument.html,Version after upgrade,Version après mise à jour
apps/bnovate/bnovate/www/instrument.html,Version before upgrade,Version avant la mise à jour
apps/bnovate/bnovate/www/instrument.py,Instrument,Instrument
apps/bnovate/bnovate/www/instruments.html,Instrument Details,Détails de l'instrument
apps/bnovate/bnovate/www/pickup.html,And,Et
apps/bnovate/bnovate/www/pickup.html,Cancel / Re-schedule Pickup,Annuler / reprogrammer l'enlèvement
apps/bnovate/bnovate/www/pickup.html,Contact sales@bnovate.com for any changes to the above.,Contactez sales@bnovate.com pour toute modification de ce qui précède.
apps/bnovate/bnovate/www/pickup.html,Get Availability,Obtenir la disponibilité
apps/bnovate/bnovate/www/pickup.html,Identify parcel(s),Identifier le(s) colis
apps/bnovate/bnovate/www/pickup.html,No pickup availability,Pas de disponibilité d'enlèvement
apps/bnovate/bnovate/www/pickup.html,Number of parcels,Nombre de colis
apps/bnovate/bnovate/www/pickup.html,One label per parcel,Une étiquette par colis
apps/bnovate/bnovate/www/pickup.html,Organize Return,Organiser le retour
apps/bnovate/bnovate/www/pickup.html,Pickup Address,Adresse d'enlèvement
apps/bnovate/bnovate/www/pickup.html,Pickup request failed.,La demande d'enlèvement a échoué.
apps/bnovate/bnovate/www/pickup.html,Please allow at least a 2h window,Veuillez prévoir une fenêtre d'au moins 2 heures
apps/bnovate/bnovate/www/pickup.html,Print Label,Imprimer l'étiquette
apps/bnovate/bnovate/www/pickup.html,Print the label,Imprimer l'étiquette
apps/bnovate/bnovate/www/pickup.html,Special Instructions,Instructions spéciales
apps/bnovate/bnovate/www/pickup.html,Tape it to the parcel,Le coller sur le colis
apps/bnovate/bnovate/www/pickup.html,Verify information,Vérifier les informations
apps/bnovate/bnovate/www/pickup.py,No pickup date found,Aucune date d'enlèvement n'a été trouvée
apps/bnovate/bnovate/www/pickup.py,No pickup possible,Pas d'enlèvement possible
apps/bnovate/bnovate/www/pickup.py,Schedule Pickup,Confirmer l'enlèvement
apps/bnovate/bnovate/www/request.html,Organize Pickup,Organiser l'enlèvement
apps/bnovate/bnovate/www/request.html,Requested by,Demandé par
apps/bnovate/bnovate/www/requests.html,Requested By,Demandé par
apps/bnovate/bnovate/bnovate/report/cartridge_status/cartridge_status.py,Awaiting Return,En attente de retour
apps/bnovate/bnovate/bnovate/report/cartridge_status/cartridge_status.py,Filling,Remplissage
apps/bnovate/bnovate/bnovate/report/cartridge_status/cartridge_status.py,In Storage,En stock
apps/bnovate/bnovate/bnovate/report/cartridge_status/cartridge_status.py,Ready to Ship,Prêt à expédier
apps/bnovate/bnovate/bnovate/report/connectivity_data_usage/connectivity_data_usage.py,Period Start,Début de la période
apps/bnovate/bnovate/bnovate/report/item_wise_sales_register_(bn)/item_wise_sales_register_(bn).py,COGS,COGS
apps/bnovate/bnovate/bnovate/report/item_wise_sales_register_(bn)/item_wise_sales_register_(bn).py,DN Date,DN Date
apps/bnovate/bnovate/bnovate/report/item_wise_sales_register_(bn)/item_wise_sales_register_(bn).py,Price List Rate in Company Currency,Tarif de la liste de prix dans la devise de l'entreprise
apps/bnovate/bnovate/bnovate/report/item_wise_sales_register_(bn)/item_wise_sales_register_(bn).py,SO Date,Date de l'OS
apps/bnovate/bnovate/public/js/doctype_includes/contact.js,User ID is already associated with another contact:,L'ID de l'utilisateur est déjà associé à un autre contact :
apps/bnovate/bnovate/public/js/doctype_includes/customer.js,Owned Serial Numbers,Numéros de série possédés
apps/bnovate/bnovate/public/js/doctype_includes/customer.js,Stored Cartridges,Cartouches stockées
apps/bnovate/bnovate/public/js/doctype_includes/stock_entry.js,No expired batches found,Aucun lot périmé n'a été trouvé
apps/bnovate/bnovate/public/js/web_includes/wizard_modal.js,Purchase Order No,Numéro du bon de commande
apps/bnovate/bnovate/www/cartridge.py,Cartridge,Cartouche
apps/bnovate/bnovate/www/instrument.py,Instrument,Instrument
apps/bnovate/bnovate/www/request.html,Your Order Reference (PO Number),Référence de votre commande (numéro de commande)
apps/bnovate/bnovate/bnovate/page/warehouse_wars/warehouse_wars.js,Final score: {0},Score final : {0}
apps/bnovate/bnovate/bnovate/page/warehouse_wars/warehouse_wars.js,GAME OVER,GAME OVER
apps/bnovate/bnovate/bnovate/page/warehouse_wars/warehouse_wars.js,Inventory invaders have infested the warehouse!,Des envahisseurs d'inventaire ont infesté l'entrepôt !
apps/bnovate/bnovate/bnovate/page/warehouse_wars/warehouse_wars.js,LEVEL CLEAR!,NIVEAU TERMINÉ !
apps/bnovate/bnovate/bnovate/page/warehouse_wars/warehouse_wars.js,Next Level,Niveau suivant
apps/bnovate/bnovate/bnovate/page/warehouse_wars/warehouse_wars.js,Play Again,Rejouer
apps/bnovate/bnovate/bnovate/page/warehouse_wars/warehouse_wars.js,Scan a crate's code with your barcode reader to destroy it.,Scannez le code d'une caisse avec votre lecteur de codes-barres pour la détruire.
apps/bnovate/bnovate/bnovate/page/warehouse_wars/warehouse_wars.js,Score: {0},Score : {0}
apps/bnovate/bnovate/bnovate/page/warehouse_wars/warehouse_wars.js,WAREHOUSE WARS,WAREHOUSE WARS
apps/bnovate/bnovate/bnovate/page/work_order_execution/work_order_execution.js,4-port valve,Vanne 4 ports
apps/bnovate/bnovate/bnovate/page/work_order_execution/work_order_execution.js,5-port valve,Vanne 5 ports
apps/bnovate/bnovate/bnovate/report/batch_report/batch_report.js,As of Date,À la date du
apps/bnovate/bnovate/bnovate/report/batch_report/batch_report.js,Expires In Max (Days),Expire dans max. (jours)
apps/bnovate/bnovate/bnovate/report/batch_report/batch_report.js,Only Batches in Stock,Uniquement les lots en stock
apps/bnovate/bnovate/bnovate/report/batch_report/batch_report.py,Expires In (Days),Expire dans (jours)
apps/bnovate/bnovate/bnovate/report/bom_search_(bn)/bom_search_(bn).js,Only Active BOMs,Uniquement les LDM actives
apps/bnovate/bnovate/bnovate/report/bom_search_(bn)/bom_search_(bn).js,Only Active Output Items,Uniquement les articles de sortie actifs
apps/bnovate/bnovate/bnovate/report/bom_search_(bn)/bom_search_(bn).js,Only Default BOMs,Uniquement les LDM par défaut
apps/bnovate/bnovate/bnovate/report/bom_stock_report_(bn)/bom_stock_report_(bn).py,Enough to build,Suffisant pour fabriquer
apps/bnovate/bnovate/bnovate/report/breakbulk_invoice_export/breakbulk_invoice_export.js,"<i class=""fa fa-calculator""></i> Sum Shipping","<i class=""fa fa-calculator""></i> Totaliser l'expédition"
apps/bnovate/bnovate/bnovate/report/breakbulk_invoice_export/breakbulk_invoice_export.js,"<i class=""fa fa-download""></i> Commercial Invoices","<i class=""fa fa-download""></i> Factures commerciales"
apps/bnovate/bnovate/bnovate/report/breakbulk_invoice_export/breakbulk_invoice_export.js,"<i class=""fa fa-download""></i> Export to CSV","<i class=""fa fa-download""></i> Exporter en CSV"
apps/bnovate/bnovate/bnovate/report/breakbulk_invoice_export/breakbulk_invoice_export.js,Breakbulk Master No,N° maître breakbulk
apps/bnovate/bnovate/bnovate/report/connectivity_data_usage/connectivity_data_usage.py,Period Start ,Début de la période 
apps/bnovate/bnovate/bnovate/report/deferred_revenue_report/deferred_revenue_report.js,Hide Completed,Masquer les terminés
apps/bnovate/bnovate/bnovate/report/general_ledger_for_export_(bn)/general_ledger_for_export_(bn).py,Stock Entry Reason,Motif de l'écriture de stock
apps/bnovate/bnovate/bnovate/report/ic_balance_sheet/ic_balance_sheet.js,EUR Exchange Rate,Taux de change EUR
apps/bnovate/bnovate/bnovate/report/ic_balance_sheet/ic_balance_sheet.js,GBP Exchange Rate,Taux de change GBP
apps/bnovate/bnovate/bnovate/report/item_wise_sales_history_(bn)/item_wise_sales_history_(bn).js,Filter on,Filtrer sur
apps/bnovate/bnovate/bnovate/report/item_wise_sales_register_(bn)/item_wise_sales_register_(bn).py,Billing Basis,Base de facturation
apps/bnovate/bnovate/bnovate/report/item_wise_sales_register_(bn)/item_wise_sales_register_(bn).py,Customer Group Parent,Groupe de clients parent
apps/bnovate/bnovate/bnovate/report/item_wise_sales_register_(bn)/item_wise_sales_register_(bn).py,Default Discount Percentage,Pourcentage de remise par défaut
apps/bnovate/bnovate/bnovate/report/item_wise_sales_register_(bn)/item_wise_sales_register_(bn).py,Revenue Stream Parent,Flux de revenus parent
apps/bnovate/bnovate/bnovate/report/late_purchases/late_purchases.py,Received Qty in Purchase Receipt,Qté reçue dans le Reçu d’Achat
apps/bnovate/bnovate/bnovate/report/material_request_report/material_request_report.js,Only Unassigned,Uniquement non assignées
apps/bnovate/bnovate/bnovate/report/orders_to_fulfill/orders_to_fulfill.js,Breakbulk,Breakbulk
apps/bnovate/bnovate/bnovate/report/recently_returned_cartridges/recently_returned_cartridges.py,Last DN Customer,Client du dernier bon de livraison
apps/bnovate/bnovate/bnovate/report/recently_returned_cartridges/recently_returned_cartridges.py,Last DN Customer Name,Nom du client du dernier bon de livraison
apps/bnovate/bnovate/bnovate/report/recently_returned_cartridges/recently_returned_cartridges.py,Owned by Name,Nom du propriétaire
apps/bnovate/bnovate/bnovate/report/revenue_analytics_master/revenue_analytics_master.js,Include,Inclure
apps/bnovate/bnovate/bnovate/report/revenue_analytics_master/revenue_analytics_master.js,Revenue Streams,Flux de revenus
apps/bnovate/bnovate/bnovate/report/revenue_analytics_master/revenue_analytics_master.py,Revenue Stream,Flux de revenus
apps/bnovate/bnovate/bnovate/report/revenue_analytics_master/revenue_analytics_master.py,Stage,Étape
apps/bnovate/bnovate/bnovate/report/work_order_planning/work_order_planning.js,Move down,Descendre
apps/bnovate/bnovate/bnovate/report/work_order_planning/work_order_planning.js,Move up,Monter
apps/bnovate/bnovate/bnovate/utils/__init__.py,Invalid VAT number format. Must start with a two letter country code followed by numbers and letters.,Format de numéro de TVA invalide. Il doit commencer par un code pays à deux lettres suivi de chiffres et de lettres.
apps/bnovate/bnovate/bnovate/utils/__init__.py,"Please check UK VAT numbers on the <a target=""_blank"" href=""https://www.gov.uk/check-uk-vat-number"">UK government website</a>","Veuillez vérifier les numéros de TVA britanniques sur le <a target=""_blank"" href=""https://www.gov.uk/check-uk-vat-number"">site du gouvernement britannique</a>"
apps/bnovate/bnovate/bnovate/utils/__init__.py,VAT number must contain only letters and numbers. No spaces or special characters.,Le numéro de TVA ne doit contenir que des lettres et des chiffres. Pas d'espaces ni de caractères spéciaux.
apps/bnovate/bnovate/bnovate/utils/__init__.py,VAT number must not be empty,Le numéro de TVA ne doit pas être vide
apps/bnovate/bnovate/bnovate/utils/controllers.py,Ship date has been changed. Please set 'Date Change Origin' field to indicate the reason for the change.,La date d'expédition a été modifiée. Veuillez renseigner le champ 'Date Change Origin' pour indiquer la raison du changement.
apps/bnovate/bnovate/bnovate/utils/work_order.py,"End time was automatically set to {0}, based on a default duration of {1} (no prior data for this item).","L'heure de fin a été définie automatiquement sur {0}, sur la base d'une durée par défaut de {1} (aucune donnée antérieure pour cet article)."
apps/bnovate/bnovate/bnovate/utils/work_order.py,"End time was automatically set to {0}, based on an estimated duration of {1} from prior Work Orders for this item.","L'heure de fin a été définie automatiquement sur {0}, sur la base d'une durée estimée de {1} d'après les Ordres de Travail précédents pour cet article."
apps/bnovate/bnovate/bnovate/utils/work_order.py,"Start time was not set, defaulted to 8:00 AM.","L'heure de début n'était pas définie, 8h00 a été utilisé par défaut."
apps/bnovate/bnovate/bnovate/utils/work_order.py,{0}h {1}m,{0} h {1} min
apps/bnovate/bnovate/config/bnovate.py,BOM Search (bN),Recherche LDM (bN)
apps/bnovate/bnovate/config/bnovate.py,BOM Stock Report (bN),Rapport de stock LDM (bN)
apps/bnovate/bnovate/config/bnovate.py,Batch Report,Rapport de lots
apps/bnovate/bnovate/config/bnovate.py,Breakbulk Invoice Export,Export des factures breakbulk
apps/bnovate/bnovate/config/bnovate.py,Breakbulk Shipment Export,Export des expéditions breakbulk
apps/bnovate/bnovate/config/bnovate.py,Definition of the IC Accounting aggregation groups,Définition des groupes d'agrégation de la comptabilité IC
apps/bnovate/bnovate/config/bnovate.py,IC Account Group,Groupe de comptes IC
apps/bnovate/bnovate/config/bnovate.py,IC Accounting,Comptabilité IC
apps/bnovate/bnovate/config/bnovate.py,IC Balance Sheet,Bilan IC
apps/bnovate/bnovate/config/bnovate.py,IC Profit And Loss Statement,Compte de résultat IC
apps/bnovate/bnovate/config/bnovate.py,Material Request Report,Rapport des demandes de matériel
apps/bnovate/bnovate/config/bnovate.py,Purchased Items for Quality Control,Articles achetés pour le contrôle qualité
apps/bnovate/bnovate/config/bnovate.py,Revenue Analytics,Analyse des revenus
apps/bnovate/bnovate/config/bnovate.py,Weekly Sales,Ventes hebdomadaires
apps/bnovate/bnovate/public/js/bnovate_common.js,Error looking up VAT number,Erreur lors de la vérification du numéro de TVA
apps/bnovate/bnovate/public/js/bnovate_common.js,VAT number invalid,Numéro de TVA invalide
apps/bnovate/bnovate/public/js/bnovate_common.js,VAT number valid,Numéro de TVA valide
apps/bnovate/bnovate/public/js/doctype_includes/accounts_settings.js,Apply Deferred Expense,Appliquer les frais différés
apps/bnovate/bnovate/public/js/doctype_includes/accounts_settings.js,Apply Deferred Revenue,Appliquer les produits comptabilisés d'avance
apps/bnovate/bnovate/public/js/doctype_includes/contact.js,User ID is already associated with another contact: ,Cet ID utilisateur est déjà associé à un autre contact : 
apps/bnovate/bnovate/public/js/doctype_includes/customer.js,Orders Awaiting Call-Off,Commandes en attente d'appel
apps/bnovate/bnovate/public/js/doctype_includes/purchase_invoice.js,Deferred Expense Entries,Écritures de frais différés
apps/bnovate/bnovate/public/js/doctype_includes/sales_invoice.js,Deferred Revenue Entries,Écritures de produits comptabilisés d'avance
apps/bnovate/bnovate/public/js/doctype_includes/supplier.js,You are not authorized to approve suppliers.,Vous n'êtes pas autorisé à approuver des fournisseurs.
apps/bnovate/bnovate/public/js/doctype_includes/supplier.js,You have already approved this supplier.,Vous avez déjà approuvé ce fournisseur.
apps/bnovate/bnovate/public/js/web_includes/wizard_modal.js,"Attach Purchase Order (PDF, optional)","Joindre le bon de commande (PDF, facultatif)"
apps/bnovate/bnovate/public/js/web_includes/wizard_modal.js,"Drag & drop a PDF here, or click to choose a file","Glissez-déposez un PDF ici, ou cliquez pour choisir un fichier"
apps/bnovate/bnovate/public/js/web_includes/wizard_modal.js,Please attach a PDF file.,Veuillez joindre un fichier PDF.
apps/bnovate/bnovate/www/cartridge.py,Cartridge ,Cartouche 
apps/bnovate/bnovate/www/cartridges.html,"Your refill request was created, but the PO file could not be attached. You can try again from the request confirmation page.","Votre demande de recharge a été créée, mais le fichier de bon de commande n'a pas pu être joint. Vous pouvez réessayer depuis la page de confirmation de la demande."
apps/bnovate/bnovate/www/instrument.py,Instrument ,Instrument 
apps/bnovate/bnovate/www/request.py,No file was uploaded,Aucun fichier n'a été téléversé
apps/bnovate/bnovate/www/request.py,Only PDF files are allowed,Seuls les fichiers PDF sont autorisés
apps/bnovate/bnovate/www/request.html,Attached Purchase Order,Bon de commande joint
apps/bnovate/bnovate/www/docs/refill.html,Addresses can be managed under {0} in the menu.,Les adresses se gèrent sous {0} dans le menu.
apps/bnovate/bnovate/www/docs/refill.html,Cartridges are refilled at bNovate. You can request a refill for one or several cartridges at once from this portal. This page walks you through the process.,"Les cartouches sont rechargées chez bNovate. Depuis ce portail, vous pouvez demander la recharge d'une ou de plusieurs cartouches à la fois. Cette page vous guide pas à pas."
apps/bnovate/bnovate/www/docs/refill.html,"Check the summary. You can add your own order reference (PO number), attach your purchase order as a PDF, and leave remarks for bNovate.","Vérifiez le récapitulatif. Vous pouvez indiquer votre propre référence de commande (numéro de commande), joindre votre bon de commande au format PDF et laisser des remarques à l'attention de bNovate."
apps/bnovate/bnovate/www/docs/refill.html,Choose the variant,Choisir la variante
apps/bnovate/bnovate/www/docs/refill.html,Click {0} to send the request.,Cliquez sur {0} pour envoyer la demande.
apps/bnovate/bnovate/www/docs/refill.html,"Depending on your account, you can only select cartridges that are currently at bNovate. Cartridges that already have a refill request in progress cannot be selected again.","Selon votre compte, vous ne pouvez sélectionner que des cartouches se trouvant actuellement chez bNovate. Les cartouches qui font déjà l'objet d'une demande de recharge en cours ne peuvent pas être sélectionnées à nouveau."
apps/bnovate/bnovate/www/docs/refill.html,Follow your request,Suivre votre demande
apps/bnovate/bnovate/www/docs/refill.html,"For each cartridge, choose the variant it should be refilled with. Use the {0} row to apply the same variant to all cartridges, then click {1}.","Pour chaque cartouche, choisissez la variante avec laquelle elle doit être rechargée. La ligne {0} permet d'appliquer la même variante à toutes les cartouches. Cliquez ensuite sur {1}."
apps/bnovate/bnovate/www/docs/refill.html,"If your account is set up to organize returns, bNovate manually verifies each refill request and then generates a return label. You are notified by email as soon as the label is ready.","Si votre compte est configuré pour organiser les retours, bNovate vérifie manuellement chaque demande de recharge, puis génère une étiquette de retour. Vous êtes informé par e-mail dès que l'étiquette est prête."
apps/bnovate/bnovate/www/docs/refill.html,"If your account is set up to organize returns, you are also asked how many parcels you will send back.","Si votre compte est configuré pour organiser les retours, il vous est aussi demandé combien de colis vous renverrez."
apps/bnovate/bnovate/www/docs/refill.html,Open the request,Ouvrir la demande
apps/bnovate/bnovate/www/docs/refill.html,"Open your request from the notification email or from {0}. Once the return label is ready, click {1}.","Ouvrez votre demande depuis l'e-mail de notification ou sous {0}. Dès que l'étiquette de retour est prête, cliquez sur {1}."
apps/bnovate/bnovate/www/docs/refill.html,"Open {0} in the menu. The list shows your cartridges and where they are. Tick the cartridges you want to have refilled, then click {1}.","Ouvrez {0} dans le menu. La liste affiche vos cartouches et leur emplacement. Cochez les cartouches à recharger, puis cliquez sur {1}."
apps/bnovate/bnovate/www/docs/refill.html,Organize the pickup,Organiser l'enlèvement
apps/bnovate/bnovate/www/docs/refill.html,Pick the addresses,Choisir les adresses
apps/bnovate/bnovate/www/docs/refill.html,Returning your cartridges,Renvoyer vos cartouches
apps/bnovate/bnovate/www/docs/refill.html,Review and confirm,Vérifier et confirmer
apps/bnovate/bnovate/www/docs/refill.html,Select the shipping address the refilled cartridges should be delivered to and click {0}. Then select the billing address.,Sélectionnez l'adresse de livraison des cartouches rechargées et cliquez sur {0}. Sélectionnez ensuite l'adresse de facturation.
apps/bnovate/bnovate/www/docs/refill.html,Select your cartridges,Sélectionner vos cartouches
apps/bnovate/bnovate/www/docs/refill.html,"Your request now appears under {0}. Its status changes from {1} to {2} once bNovate has processed it, and to {3} when your cartridges are on their way back to you.","Votre demande apparaît maintenant sous {0}. Son statut passe de {1} à {2} dès que bNovate l'a traitée, puis à {3} lorsque vos cartouches sont en route vers vous."
apps/bnovate/bnovate/www/docs/refill.html,{0}: check the number of parcels and the pickup address.,{0} : vérifiez le nombre de colis et l'adresse d'enlèvement.
apps/bnovate/bnovate/www/docs/refill.html,"{0}: click {1}, choose a date and a time window of at least two hours, add special instructions if needed, then click {2}.","{0} : cliquez sur {1}, choisissez une date et une plage horaire d'au moins deux heures, ajoutez si besoin des instructions particulières, puis cliquez sur {2}."
apps/bnovate/bnovate/www/docs/refill.html,{0}: print the label and tape it to the parcel. Use one label per parcel.,{0} : imprimez l'étiquette et collez-la sur le colis. Utilisez une étiquette par colis.
apps/bnovate/bnovate/www/docs/refill.py,How to order a refill,Comment commander une recharge
apps/bnovate/bnovate/www/helpers.py,Unsupported language,Langue non prise en charge
apps/bnovate/bnovate/www/pickup.html,Organize Return for {0},Organiser le retour pour {0}
apps/bnovate/bnovate/www/pickup.html,I confirm the package will be available on,Je confirme que le colis sera disponible le
apps/bnovate/bnovate/www/pickup.html,Pickup is scheduled on,Enlèvement prévu le
apps/bnovate/bnovate/www/docs/refill.html,Your account is configured by our Customer Service team. Please contact them at {0} if any changes are required.,Votre compte est configuré par notre équipe du service clientèle. Veuillez la contacter à l'adresse {0} si des modifications sont nécessaires.
apps/bnovate/bnovate/www/docs/refill.html,"If your account is configured to organize returns, you can obtain a return label and schedule the pickup directly from the portal.","Si votre compte est configuré pour organiser les retours, vous pouvez obtenir une étiquette de retour et planifier l'enlèvement directement depuis le portail."
apps/bnovate/bnovate/www/docs/refill.html,Pickup and delivery must be made to the same address.,L'enlèvement et la livraison doivent s'effectuer à la même adresse.
apps/bnovate/bnovate/www/docs/refill.html,"If your account is configured for a central billing address, you cannot change the billing address.","Si votre compte est configuré avec une adresse de facturation centrale, vous ne pouvez pas modifier l'adresse de facturation."
apps/bnovate/bnovate/custom/item.json,Requires Deferred Revenue,Produits comptabilisés d'avance requis
apps/bnovate/bnovate/custom/item.json,Revenue from this item is deferred. Flags invoice lines so that accounting can compute the deferral separately. Does not use the ERPNext deferred revenue accounting.,Les produits de cet article sont différés. Marque les lignes de facture afin que la comptabilité calcule le report séparément. N'utilise pas la comptabilisation des produits d'avance d'ERPNext.
apps/bnovate/bnovate/utils/deferral.py,Row {0}: {1} requires deferred revenue. Please set the Service End Date.,Ligne {0} : {1} nécessite des produits comptabilisés d'avance. Veuillez définir la date de fin du service.
apps/bnovate/bnovate/utils/deferral.py,Row {0}: Service End Date cannot be before Service Start Date.,Ligne {0} : La date de fin du service ne peut pas être antérieure à la date de début du service.
apps/bnovate/bnovate/report/item_wise_sales_register_(bn)/item_wise_sales_register_(bn).py,Deferred by ERP,Différé par l'ERP
apps/bnovate/bnovate/public/js/doctype_includes/payment_reminder.js,Attaching invoices...,Ajout des factures en pièces jointes...
